Constructor Name,Constructor Value,Race,Event Type,Scoring Item,Frequency,Position,Points,Race Total,Season Total
McLaren,$35.9M,Australia,race,Race Position,,,27,71,1605
McLaren,$35.9M,Australia,qualifying,Qualifying Position,,,19,71,1605
McLaren,$35.9M,Australia,race,Both Drivers Q3,,,10,71,1605
McLaren,$35.9M,Australia,race,Race Positions Lost,7,,-7,71,1605
McLaren,$35.9M,Australia,race,Race Fastest Lap,,,10,71,1605
McLaren,$35.9M,Australia,race,Fastest Pitstop,,,2,71,1605
McLaren,$35.9M,Australia,race,Race Overtake Bonus,10,,10,71,1605
McLaren,$35.9M,China,sprint,Sprint Positions Lost,1,,-1,101,1605
McLaren,$35.9M,China,sprint,Sprint Overtake Bonus,2,,2,101,1605
McLaren,$35.9M,China,race,Race Position,,,43,101,1605
McLaren,$35.9M,China,qualifying,Qualifying Position,,,18,101,1605
McLaren,$35.9M,China,sprint,Sprint Position,,,8,101,1605
McLaren,$35.9M,China,race,Both Drivers Q3,,,10,101,1605
McLaren,$35.9M,China,race,Race Positions Gained,1,,1,101,1605
McLaren,$35.9M,China,race,Race Fastest Lap,,,10,101,1605
McLaren,$35.9M,China,race,Fastest Pitstop,,,5,101,1605
McLaren,$35.9M,China,race,Race Overtake Bonus,5,,5,101,1605
McLaren,$35.9M,Japan,race,Race Position,,,33,71,1605
McLaren,$35.9M,Japan,qualifying,Qualifying Position,,,17,71,1605
McLaren,$35.9M,Japan,race,Both Drivers Q3,,,10,71,1605
McLaren,$35.9M,Japan,race,Fastest Pitstop,,,10,71,1605
McLaren,$35.9M,Japan,race,Race Overtake Bonus,1,,1,71,1605
McLaren,$35.9M,Bahrain,race,Race Position,,,40,92,1605
McLaren,$35.9M,Bahrain,qualifying,Qualifying Position,,,15,92,1605
McLaren,$35.9M,Bahrain,race,Both Drivers Q3,,,10,92,1605
McLaren,$35.9M,Bahrain,race,Race Positions Gained,3,,3,92,1605
McLaren,$35.9M,Bahrain,race,Race Fastest Lap,,,10,92,1605
McLaren,$35.9M,Bahrain,race,Fastest Pitstop,,,5,92,1605
McLaren,$35.9M,Bahrain,race,Race Overtake Bonus,9,,9,92,1605
McLaren,$35.9M,Saudi Arabia,race,Race Position,,,37,86,1605
McLaren,$35.9M,Saudi Arabia,qualifying,Qualifying Position,,,10,86,1605
McLaren,$35.9M,Saudi Arabia,race,Both Drivers Q3,,,10,86,1605
McLaren,$35.9M,Saudi Arabia,race,Race Positions Gained,7,,7,86,1605
McLaren,$35.9M,Saudi Arabia,race,Race Fastest Lap,,,10,86,1605
McLaren,$35.9M,Saudi Arabia,race,Fastest Pitstop,,,2,86,1605
McLaren,$35.9M,Saudi Arabia,race,Race Overtake Bonus,10,,10,86,1605
McLaren,$35.9M,United States,sprint,Sprint Positions Gained,2,,2,118,1605
McLaren,$35.9M,United States,sprint,Sprint Overtake Bonus,2,,2,118,1605
McLaren,$35.9M,United States,race,Race Position,,,43,118,1605
McLaren,$35.9M,United States,qualifying,Qualifying Position,,,16,118,1605
McLaren,$35.9M,United States,sprint,Sprint Position,,,15,118,1605
McLaren,$35.9M,United States,race,Both Drivers Q3,,,10,118,1605
McLaren,$35.9M,United States,race,Race Positions Gained,3,,3,118,1605
McLaren,$35.9M,United States,race,Race Fastest Lap,,,10,118,1605
McLaren,$35.9M,United States,race,Fastest Pitstop,,,5,118,1605
McLaren,$35.9M,United States,race,Race Overtake Bonus,12,,12,118,1605
McLaren,$35.9M,Italy,race,Race Position,,,33,82,1605
McLaren,$35.9M,Italy,qualifying,Qualifying Position,,,17,82,1605
McLaren,$35.9M,Italy,race,Both Drivers Q3,,,10,82,1605
McLaren,$35.9M,Italy,race,Fastest Pitstop,,,10,82,1605
McLaren,$35.9M,Italy,race,Race Overtake Bonus,12,,12,82,1605
McLaren,$35.9M,Monaco,race,Race Position,,,40,83,1605
McLaren,$35.9M,Monaco,qualifying,Qualifying Position,,,18,83,1605
McLaren,$35.9M,Monaco,race,Both Drivers Q3,,,10,83,1605
McLaren,$35.9M,Monaco,race,Race Fastest Lap,,,10,83,1605
McLaren,$35.9M,Monaco,race,Fastest Pitstop,,,5,83,1605
McLaren,$35.9M,Spain,race,Race Position,,,43,88,1605
McLaren,$35.9M,Spain,qualifying,Qualifying Position,,,19,88,1605
McLaren,$35.9M,Spain,race,Both Drivers Q3,,,10,88,1605
McLaren,$35.9M,Spain,race,Race Fastest Lap,,,10,88,1605
McLaren,$35.9M,Spain,race,Fastest Pitstop,,,5,88,1605
McLaren,$35.9M,Spain,race,Race Overtake Bonus,1,,1,88,1605
McLaren,$35.9M,Canada,race,Race Position,,,12,40,1605
McLaren,$35.9M,Canada,qualifying,Qualifying Position,,,12,40,1605
McLaren,$35.9M,Canada,race,Both Drivers Q3,,,10,40,1605
McLaren,$35.9M,Canada,race,Race Positions Lost,12,,-12,40,1605
McLaren,$35.9M,Canada,race,Fastest Pitstop,,,10,40,1605
McLaren,$35.9M,Canada,race,Race Overtake Bonus,8,,8,40,1605
McLaren,$35.9M,Austria,race,Race Position,,,43,100,1605
McLaren,$35.9M,Austria,qualifying,Qualifying Position,,,18,100,1605
McLaren,$35.9M,Austria,race,Both Drivers Q3,,,10,100,1605
McLaren,$35.9M,Austria,race,Race Positions Gained,1,,1,100,1605
McLaren,$35.9M,Austria,race,Race Fastest Lap,,,10,100,1605
McLaren,$35.9M,Austria,race,Fastest Pitstop,,,10,100,1605
McLaren,$35.9M,Austria,race,Overall Fastest Pitstop,,,5,100,1605
McLaren,$35.9M,Austria,race,Race Overtake Bonus,3,,3,100,1605
McLaren,$35.9M,United Kingdom,race,Race Position,,,43,90,1605
McLaren,$35.9M,United Kingdom,qualifying,Qualifying Position,,,17,90,1605
McLaren,$35.9M,United Kingdom,race,Both Drivers Q3,,,10,90,1605
McLaren,$35.9M,United Kingdom,race,Race Positions Gained,2,,2,90,1605
McLaren,$35.9M,United Kingdom,race,Race Fastest Lap,,,10,90,1605
McLaren,$35.9M,United Kingdom,race,Fastest Pitstop,,,5,90,1605
McLaren,$35.9M,United Kingdom,race,Race Overtake Bonus,3,,3,90,1605
McLaren,$35.9M,Belgium,sprint,Sprint Fastest lap,,,5,93,1605
McLaren,$35.9M,Belgium,sprint,Sprint Positions Lost,1,,-1,93,1605
McLaren,$35.9M,Belgium,sprint,Sprint Overtake Bonus,1,,1,93,1605
McLaren,$35.9M,Belgium,race,Race Position,,,43,93,1605
McLaren,$35.9M,Belgium,qualifying,Qualifying Position,,,19,93,1605
McLaren,$35.9M,Belgium,sprint,Sprint Position,,,13,93,1605
McLaren,$35.9M,Belgium,race,Both Drivers Q3,,,10,93,1605
McLaren,$35.9M,Belgium,race,Fastest Pitstop,,,2,93,1605
McLaren,$35.9M,Belgium,race,Race Overtake Bonus,1,,1,93,1605
McLaren,$35.9M,Hungary,race,Race Position,,,43,100,1605
McLaren,$35.9M,Hungary,qualifying,Qualifying Position,,,17,100,1605
McLaren,$35.9M,Hungary,race,Both Drivers Q3,,,10,100,1605
McLaren,$35.9M,Hungary,race,Race Positions Gained,2,,2,100,1605
McLaren,$35.9M,Hungary,race,Fastest Pitstop,,,20,100,1605
McLaren,$35.9M,Hungary,race,Overall Fastest Pitstop,,,5,100,1605
McLaren,$35.9M,Hungary,race,Race Overtake Bonus,3,,3,100,1605
McLaren,$35.9M,Netherlands,race,Race Position,,,25,52,1605
McLaren,$35.9M,Netherlands,qualifying,Qualifying Position,,,19,52,1605
McLaren,$35.9M,Netherlands,race,Both Drivers Q3,,,10,52,1605
McLaren,$35.9M,Netherlands,race,Race Positions Lost,16,,-16,52,1605
McLaren,$35.9M,Netherlands,race,Race Fastest Lap,,,10,52,1605
McLaren,$35.9M,Netherlands,race,Fastest Pitstop,,,2,52,1605
McLaren,$35.9M,Netherlands,race,Race Overtake Bonus,2,,2,52,1605
McLaren,$35.9M,Italy,race,Race Position,,,33,97,1605
McLaren,$35.9M,Italy,qualifying,Qualifying Position,,,17,97,1605
McLaren,$35.9M,Italy,race,Both Drivers Q3,,,10,97,1605
McLaren,$35.9M,Italy,race,Race Fastest Lap,,,10,97,1605
McLaren,$35.9M,Italy,race,Fastest Pitstop,,,20,97,1605
McLaren,$35.9M,Italy,race,Overall Fastest Pitstop,,,5,97,1605
McLaren,$35.9M,Italy,race,Race Overtake Bonus,2,,2,97,1605
McLaren,$35.9M,Azerbaijan,race,Race Position,,,6,6,1605
McLaren,$35.9M,Azerbaijan,qualifying,Qualifying Position,,,6,6,1605
McLaren,$35.9M,Azerbaijan,race,Race Not Classified,,,-20,6,1605
McLaren,$35.9M,Azerbaijan,race,Both Drivers Q3,,,10,6,1605
McLaren,$35.9M,Azerbaijan,race,Race Overtake Bonus,4,,4,6,1605
McLaren,$35.9M,Singapore,race,Race Position,,,27,64,1605
McLaren,$35.9M,Singapore,qualifying,Qualifying Position,,,14,64,1605
McLaren,$35.9M,Singapore,race,Both Drivers Q3,,,10,64,1605
McLaren,$35.9M,Singapore,race,Race Positions Gained,1,,1,64,1605
McLaren,$35.9M,Singapore,race,Fastest Pitstop,,,10,64,1605
McLaren,$35.9M,Singapore,race,Race Overtake Bonus,2,,2,64,1605
McLaren,$35.9M,United States,sprint,Sprint Overtake Bonus,1,,1,22,1605
McLaren,$35.9M,United States,race,Race Position,,,28,22,1605
McLaren,$35.9M,United States,qualifying,Qualifying Position,,,14,22,1605
McLaren,$35.9M,United States,sprint,Sprint Position,,,0,22,1605
McLaren,$35.9M,United States,race,Both Drivers Q3,,,10,22,1605
McLaren,$35.9M,United States,race,Race Positions Gained,1,,1,22,1605
McLaren,$35.9M,United States,race,Fastest Pitstop,,,5,22,1605
McLaren,$35.9M,United States,race,Race Overtake Bonus,3,,3,22,1605
McLaren,$35.9M,United States,sprint,Sprint Not Classified,,,-40,22,1605
McLaren,$35.9M,Mexico,race,Race Position,,,35,86,1605
McLaren,$35.9M,Mexico,qualifying,Qualifying Position,,,13,86,1605
McLaren,$35.9M,Mexico,race,Both Drivers Q3,,,10,86,1605
McLaren,$35.9M,Mexico,race,Race Positions Gained,2,,2,86,1605
McLaren,$35.9M,Mexico,race,Fastest Pitstop,,,10,86,1605
McLaren,$35.9M,Mexico,race,Overall Fastest Pitstop,,,5,86,1605
McLaren,$35.9M,Mexico,race,Race Overtake Bonus,11,,11,86,1605
McLaren,$35.9M,Brazil,sprint,Sprint Fastest lap,,,5,63,1605
McLaren,$35.9M,Brazil,race,Race Position,,,35,63,1605
McLaren,$35.9M,Brazil,qualifying,Qualifying Position,,,17,63,1605
McLaren,$35.9M,Brazil,sprint,Sprint Position,,,8,63,1605
McLaren,$35.9M,Brazil,race,Both Drivers Q3,,,10,63,1605
McLaren,$35.9M,Brazil,race,Race Positions Lost,1,,-1,63,1605
McLaren,$35.9M,Brazil,race,Fastest Pitstop,,,5,63,1605
McLaren,$35.9M,Brazil,race,Race Overtake Bonus,4,,4,63,1605
McLaren,$35.9M,Brazil,sprint,Sprint Not Classified,,,-20,63,1605
Red Bull Racing,$30.5M,Australia,race,Race Position,,,18,19,1030
Red Bull Racing,$30.5M,Australia,qualifying,Qualifying Position,,,8,19,1030
Red Bull Racing,$30.5M,Australia,race,Race Not Classified,,,-20,19,1030
Red Bull Racing,$30.5M,Australia,race,One Driver Q3,,,5,19,1030
Red Bull Racing,$30.5M,Australia,race,Race Positions Gained,1,,1,19,1030
Red Bull Racing,$30.5M,Australia,race,Fastest Pitstop,,,2,19,1030
Red Bull Racing,$30.5M,Australia,race,Race Overtake Bonus,5,,5,19,1030
Red Bull Racing,$30.5M,China,sprint,Sprint Positions Gained,4,,4,67,1030
Red Bull Racing,$30.5M,China,sprint,Sprint Overtake Bonus,6,,6,67,1030
Red Bull Racing,$30.5M,China,race,Race Position,,,12,67,1030
Red Bull Racing,$30.5M,China,qualifying,Qualifying Position,,,7,67,1030
Red Bull Racing,$30.5M,China,sprint,Sprint Position,,,6,67,1030
Red Bull Racing,$30.5M,China,race,One Driver Q3,,,5,67,1030
Red Bull Racing,$30.5M,China,race,Race Positions Gained,8,,8,67,1030
Red Bull Racing,$30.5M,China,race,Fastest Pitstop,,,10,67,1030
Red Bull Racing,$30.5M,China,race,Race Overtake Bonus,9,,9,67,1030
Red Bull Racing,$30.5M,Japan,race,Race Position,,,25,46,1030
Red Bull Racing,$30.5M,Japan,qualifying,Qualifying Position,,,10,46,1030
Red Bull Racing,$30.5M,Japan,race,One Driver Q3,,,5,46,1030
Red Bull Racing,$30.5M,Japan,race,Race Positions Gained,2,,2,46,1030
Red Bull Racing,$30.5M,Japan,race,Fastest Pitstop,,,2,46,1030
Red Bull Racing,$30.5M,Japan,race,Race Overtake Bonus,2,,2,46,1030
Red Bull Racing,$30.5M,Bahrain,race,Race Position,,,10,46,1030
Red Bull Racing,$30.5M,Bahrain,qualifying,Qualifying Position,,,5,46,1030
Red Bull Racing,$30.5M,Bahrain,race,Both Drivers Q3,,,10,46,1030
Red Bull Racing,$30.5M,Bahrain,race,Race Positions Gained,2,,2,46,1030
Red Bull Racing,$30.5M,Bahrain,race,Fastest Pitstop,,,5,46,1030
Red Bull Racing,$30.5M,Bahrain,race,Race Overtake Bonus,14,,14,46,1030
Red Bull Racing,$30.5M,Saudi Arabia,race,Race Position,,,18,21,1030
Red Bull Racing,$30.5M,Saudi Arabia,qualifying,Qualifying Position,,,13,21,1030
Red Bull Racing,$30.5M,Saudi Arabia,race,Race Not Classified,,,-20,21,1030
Red Bull Racing,$30.5M,Saudi Arabia,race,Both Drivers Q3,,,10,21,1030
Red Bull Racing,$30.5M,Saudi Arabia,race,Race Positions Lost,1,,-1,21,1030
Red Bull Racing,$30.5M,Saudi Arabia,race,Race Overtake Bonus,1,,1,21,1030
Red Bull Racing,$30.5M,United States,sprint,Sprint Positions Gained,1,,1,60,1030
Red Bull Racing,$30.5M,United States,sprint,Sprint Overtake Bonus,6,,6,60,1030
Red Bull Racing,$30.5M,United States,race,Race Position,,,13,60,1030
Red Bull Racing,$30.5M,United States,qualifying,Qualifying Position,,,11,60,1030
Red Bull Racing,$30.5M,United States,sprint,Sprint Position,,,3,60,1030
Red Bull Racing,$30.5M,United States,race,Both Drivers Q3,,,10,60,1030
Red Bull Racing,$30.5M,United States,race,Race Positions Lost,3,,-3,60,1030
Red Bull Racing,$30.5M,United States,race,Fastest Pitstop,,,5,60,1030
Red Bull Racing,$30.5M,United States,race,Race Overtake Bonus,14,,14,60,1030
Red Bull Racing,$30.5M,Italy,race,Race Position,,,26,71,1030
Red Bull Racing,$30.5M,Italy,qualifying,Qualifying Position,,,9,71,1030
Red Bull Racing,$30.5M,Italy,race,QF Not Classified,,,-5,71,1030
Red Bull Racing,$30.5M,Italy,race,One Driver Q3,,,5,71,1030
Red Bull Racing,$30.5M,Italy,race,Race Positions Gained,11,,11,71,1030
Red Bull Racing,$30.5M,Italy,race,Race Fastest Lap,,,10,71,1030
Red Bull Racing,$30.5M,Italy,race,Fastest Pitstop,,,10,71,1030
Red Bull Racing,$30.5M,Italy,race,Race Overtake Bonus,5,,5,71,1030
Red Bull Racing,$30.5M,Monaco,race,Race Position,,,12,23,1030
Red Bull Racing,$30.5M,Monaco,qualifying,Qualifying Position,,,6,23,1030
Red Bull Racing,$30.5M,Monaco,race,One Driver Q3,,,5,23,1030
Red Bull Racing,$30.5M,Monaco,race,Race Positions Lost,5,,-5,23,1030
Red Bull Racing,$30.5M,Monaco,race,Fastest Pitstop,,,5,23,1030
Red Bull Racing,$30.5M,Spain,race,Race Position,,,1,28,1030
Red Bull Racing,$30.5M,Spain,qualifying,Qualifying Position,,,8,28,1030
Red Bull Racing,$30.5M,Spain,race,One Driver Q3,,,5,28,1030
Red Bull Racing,$30.5M,Spain,race,Race Positions Lost,1,,-1,28,1030
Red Bull Racing,$30.5M,Spain,race,Fastest Pitstop,,,5,28,1030
Red Bull Racing,$30.5M,Spain,race,Race Overtake Bonus,10,,10,28,1030
Red Bull Racing,$30.5M,Canada,race,Race Position,,,18,51,1030
Red Bull Racing,$30.5M,Canada,qualifying,Qualifying Position,,,9,51,1030
Red Bull Racing,$30.5M,Canada,race,One Driver Q3,,,5,51,1030
Red Bull Racing,$30.5M,Canada,race,Race Positions Gained,6,,6,51,1030
Red Bull Racing,$30.5M,Canada,race,Fastest Pitstop,,,5,51,1030
Red Bull Racing,$30.5M,Canada,race,Race Overtake Bonus,8,,8,51,1030
Red Bull Racing,$30.5M,Austria,race,Race Position,,,0,1,1030
Red Bull Racing,$30.5M,Austria,qualifying,Qualifying Position,,,4,1,1030
Red Bull Racing,$30.5M,Austria,race,Race Not Classified,,,-20,1,1030
Red Bull Racing,$30.5M,Austria,race,One Driver Q3,,,5,1,1030
Red Bull Racing,$30.5M,Austria,race,Race Positions Gained,2,,2,1,1030
Red Bull Racing,$30.5M,Austria,race,Fastest Pitstop,,,5,1,1030
Red Bull Racing,$30.5M,Austria,race,Race Overtake Bonus,5,,5,1,1030
Red Bull Racing,$30.5M,United Kingdom,race,Race Position,,,10,41,1030
Red Bull Racing,$30.5M,United Kingdom,qualifying,Qualifying Position,,,10,41,1030
Red Bull Racing,$30.5M,United Kingdom,race,One Driver Q3,,,5,41,1030
Red Bull Racing,$30.5M,United Kingdom,race,Race Positions Lost,8,,-8,41,1030
Red Bull Racing,$30.5M,United Kingdom,race,Fastest Pitstop,,,10,41,1030
Red Bull Racing,$30.5M,United Kingdom,race,Overall Fastest Pitstop,,,5,41,1030
Red Bull Racing,$30.5M,United Kingdom,race,Race Overtake Bonus,9,,9,41,1030
Red Bull Racing,$30.5M,Belgium,sprint,Sprint Positions Gained,2,,2,55,1030
Red Bull Racing,$30.5M,Belgium,sprint,Sprint Overtake Bonus,1,,1,55,1030
Red Bull Racing,$30.5M,Belgium,race,Race Position,,,12,55,1030
Red Bull Racing,$30.5M,Belgium,qualifying,Qualifying Position,,,11,55,1030
Red Bull Racing,$30.5M,Belgium,sprint,Sprint Position,,,8,55,1030
Red Bull Racing,$30.5M,Belgium,race,Both Drivers Q3,,,10,55,1030
Red Bull Racing,$30.5M,Belgium,race,Race Positions Lost,6,,-6,55,1030
Red Bull Racing,$30.5M,Belgium,race,Fastest Pitstop,,,10,55,1030
Red Bull Racing,$30.5M,Belgium,race,Overall Fastest Pitstop,,,5,55,1030
Red Bull Racing,$30.5M,Belgium,race,Race Overtake Bonus,2,,2,55,1030
Red Bull Racing,$30.5M,Hungary,race,Race Position,,,2,39,1030
Red Bull Racing,$30.5M,Hungary,qualifying,Qualifying Position,,,3,39,1030
Red Bull Racing,$30.5M,Hungary,race,One Driver Q3,,,5,39,1030
Red Bull Racing,$30.5M,Hungary,race,Race Positions Gained,2,,2,39,1030
Red Bull Racing,$30.5M,Hungary,race,Fastest Pitstop,,,20,39,1030
Red Bull Racing,$30.5M,Hungary,race,Race Overtake Bonus,7,,7,39,1030
Red Bull Racing,$30.5M,Netherlands,race,Race Position,,,20,47,1030
Red Bull Racing,$30.5M,Netherlands,qualifying,Qualifying Position,,,8,47,1030
Red Bull Racing,$30.5M,Netherlands,race,One Driver Q3,,,5,47,1030
Red Bull Racing,$30.5M,Netherlands,race,Race Positions Gained,4,,4,47,1030
Red Bull Racing,$30.5M,Netherlands,race,Fastest Pitstop,,,2,47,1030
Red Bull Racing,$30.5M,Netherlands,race,Race Overtake Bonus,8,,8,47,1030
Red Bull Racing,$30.5M,Italy,race,Race Position,,,25,56,1030
Red Bull Racing,$30.5M,Italy,qualifying,Qualifying Position,,,11,56,1030
Red Bull Racing,$30.5M,Italy,race,Both Drivers Q3,,,10,56,1030
Red Bull Racing,$30.5M,Italy,race,Race Positions Lost,4,,-4,56,1030
Red Bull Racing,$30.5M,Italy,race,Fastest Pitstop,,,10,56,1030
Red Bull Racing,$30.5M,Italy,race,Race Overtake Bonus,4,,4,56,1030
Red Bull Racing,$30.5M,Azerbaijan,race,Race Position,,,33,85,1030
Red Bull Racing,$30.5M,Azerbaijan,qualifying,Qualifying Position,,,15,85,1030
Red Bull Racing,$30.5M,Azerbaijan,race,Both Drivers Q3,,,10,85,1030
Red Bull Racing,$30.5M,Azerbaijan,race,Race Fastest Lap,,,10,85,1030
Red Bull Racing,$30.5M,Azerbaijan,race,Fastest Pitstop,,,10,85,1030
Red Bull Racing,$30.5M,Azerbaijan,race,Overall Fastest Pitstop,,,5,85,1030
Red Bull Racing,$30.5M,Azerbaijan,race,Race Overtake Bonus,2,,2,85,1030
Red Bull Racing,$30.5M,Singapore,race,Race Position,,,18,51,1030
Red Bull Racing,$30.5M,Singapore,qualifying,Qualifying Position,,,9,51,1030
Red Bull Racing,$30.5M,Singapore,race,One Driver Q3,,,5,51,1030
Red Bull Racing,$30.5M,Singapore,race,Race Positions Gained,1,,1,51,1030
Red Bull Racing,$30.5M,Singapore,race,Fastest Pitstop,,,10,51,1030
Red Bull Racing,$30.5M,Singapore,race,Overall Fastest Pitstop,,,5,51,1030
Red Bull Racing,$30.5M,Singapore,race,Race Overtake Bonus,3,,3,51,1030
Red Bull Racing,$30.5M,United States,sprint,Sprint Fastest lap,,,5,92,1030
Red Bull Racing,$30.5M,United States,sprint,Sprint Positions Gained,11,,11,92,1030
Red Bull Racing,$30.5M,United States,sprint,Sprint Overtake Bonus,8,,8,92,1030
Red Bull Racing,$30.5M,United States,race,Race Position,,,31,92,1030
Red Bull Racing,$30.5M,United States,qualifying,Qualifying Position,,,10,92,1030
Red Bull Racing,$30.5M,United States,sprint,Sprint Position,,,10,92,1030
Red Bull Racing,$30.5M,United States,race,One Driver Q3,,,5,92,1030
Red Bull Racing,$30.5M,United States,race,Race Positions Gained,6,,6,92,1030
Red Bull Racing,$30.5M,United States,race,Fastest Pitstop,,,2,92,1030
Red Bull Racing,$30.5M,United States,race,Race Overtake Bonus,4,,4,92,1030
Red Bull Racing,$30.5M,Mexico,race,Race Position,,,15,36,1030
Red Bull Racing,$30.5M,Mexico,qualifying,Qualifying Position,,,6,36,1030
Red Bull Racing,$30.5M,Mexico,race,One Driver Q3,,,5,36,1030
Red Bull Racing,$30.5M,Mexico,race,Race Positions Gained,1,,1,36,1030
Red Bull Racing,$30.5M,Mexico,race,Fastest Pitstop,,,2,36,1030
Red Bull Racing,$30.5M,Mexico,race,Race Overtake Bonus,7,,7,36,1030
Red Bull Racing,$30.5M,Brazil,sprint,Sprint Positions Gained,8,,8,95,1030
Red Bull Racing,$30.5M,Brazil,sprint,Sprint Overtake Bonus,2,,2,95,1030
Red Bull Racing,$30.5M,Brazil,race,Race Position,,,15,95,1030
Red Bull Racing,$30.5M,Brazil,qualifying,Qualifying Position,,,0,95,1030
Red Bull Racing,$30.5M,Brazil,sprint,Sprint Position,,,5,95,1030
Red Bull Racing,$30.5M,Brazil,race,No Driver Q2,,,-1,95,1030
Red Bull Racing,$30.5M,Brazil,race,Race Positions Gained,16,,16,95,1030
Red Bull Racing,$30.5M,Brazil,race,Fastest Pitstop,,,20,95,1030
Red Bull Racing,$30.5M,Brazil,race,Overall Fastest Pitstop,,,5,95,1030
Red Bull Racing,$30.5M,Brazil,race,Race Overtake Bonus,25,,25,95,1030
Mercedes,$27.8M,Australia,race,Race Position,,,27,67,1016
Mercedes,$27.8M,Australia,qualifying,Qualifying Position,,,7,67,1016
Mercedes,$27.8M,Australia,race,One Driver Q3,,,5,67,1016
Mercedes,$27.8M,Australia,race,Race Positions Gained,13,,13,67,1016
Mercedes,$27.8M,Australia,race,Fastest Pitstop,,,5,67,1016
Mercedes,$27.8M,Australia,race,Race Overtake Bonus,10,,10,67,1016
Mercedes,$27.8M,China,sprint,Sprint Positions Gained,1,,1,69,1016
Mercedes,$27.8M,China,sprint,Sprint Overtake Bonus,3,,3,69,1016
Mercedes,$27.8M,China,race,Race Position,,,23,69,1016
Mercedes,$27.8M,China,qualifying,Qualifying Position,,,12,69,1016
Mercedes,$27.8M,China,sprint,Sprint Position,,,7,69,1016
Mercedes,$27.8M,China,race,Both Drivers Q3,,,10,69,1016
Mercedes,$27.8M,China,race,Race Positions Gained,1,,1,69,1016
Mercedes,$27.8M,China,race,Fastest Pitstop,,,5,69,1016
Mercedes,$27.8M,China,race,Race Overtake Bonus,7,,7,69,1016
Mercedes,$27.8M,Japan,race,Race Position,,,18,56,1016
Mercedes,$27.8M,Japan,qualifying,Qualifying Position,,,11,56,1016
Mercedes,$27.8M,Japan,race,Both Drivers Q3,,,10,56,1016
Mercedes,$27.8M,Japan,race,Race Fastest Lap,,,10,56,1016
Mercedes,$27.8M,Japan,race,Fastest Pitstop,,,5,56,1016
Mercedes,$27.8M,Japan,race,Race Overtake Bonus,2,,2,56,1016
Mercedes,$27.8M,Bahrain,race,Race Position,,,18,60,1016
Mercedes,$27.8M,Bahrain,qualifying,Qualifying Position,,,16,60,1016
Mercedes,$27.8M,Bahrain,race,Both Drivers Q3,,,10,60,1016
Mercedes,$27.8M,Bahrain,race,Race Positions Lost,5,,-5,60,1016
Mercedes,$27.8M,Bahrain,race,Fastest Pitstop,,,5,60,1016
Mercedes,$27.8M,Bahrain,race,Race Overtake Bonus,16,,16,60,1016
Mercedes,$27.8M,Saudi Arabia,race,Race Position,,,18,46,1016
Mercedes,$27.8M,Saudi Arabia,qualifying,Qualifying Position,,,14,46,1016
Mercedes,$27.8M,Saudi Arabia,race,Both Drivers Q3,,,10,46,1016
Mercedes,$27.8M,Saudi Arabia,race,Race Positions Lost,3,,-3,46,1016
Mercedes,$27.8M,Saudi Arabia,race,Fastest Pitstop,,,5,46,1016
Mercedes,$27.8M,Saudi Arabia,race,Race Overtake Bonus,2,,2,46,1016
Mercedes,$27.8M,United States,sprint,Sprint Positions Lost,5,,-5,51,1016
Mercedes,$27.8M,United States,race,Race Position,,,23,51,1016
Mercedes,$27.8M,United States,qualifying,Qualifying Position,,,14,51,1016
Mercedes,$27.8M,United States,sprint,Sprint Position,,,7,51,1016
Mercedes,$27.8M,United States,race,Both Drivers Q3,,,10,51,1016
Mercedes,$27.8M,United States,race,Race Positions Lost,1,,-1,51,1016
Mercedes,$27.8M,United States,race,Race Overtake Bonus,3,,3,51,1016
Mercedes,$27.8M,Italy,race,Race Position,,,6,6,1016
Mercedes,$27.8M,Italy,qualifying,Qualifying Position,,,8,6,1016
Mercedes,$27.8M,Italy,race,Race Not Classified,,,-20,6,1016
Mercedes,$27.8M,Italy,race,One Driver Q3,,,5,6,1016
Mercedes,$27.8M,Italy,race,Race Positions Lost,4,,-4,6,1016
Mercedes,$27.8M,Italy,race,Fastest Pitstop,,,5,6,1016
Mercedes,$27.8M,Italy,race,Race Overtake Bonus,6,,6,6,1016
Mercedes,$27.8M,Monaco,race,Both Drivers Q2,,,3,9,1016
Mercedes,$27.8M,Monaco,race,Race Position,,,0,9,1016
Mercedes,$27.8M,Monaco,qualifying,Qualifying Position,,,0,9,1016
Mercedes,$27.8M,Monaco,race,Fastest Pitstop,,,5,9,1016
Mercedes,$27.8M,Monaco,race,Race Overtake Bonus,1,,1,9,1016
Mercedes,$27.8M,Spain,race,Race Position,,,12,24,1016
Mercedes,$27.8M,Spain,qualifying,Qualifying Position,,,12,24,1016
Mercedes,$27.8M,Spain,race,Race Not Classified,,,-20,24,1016
Mercedes,$27.8M,Spain,race,Both Drivers Q3,,,10,24,1016
Mercedes,$27.8M,Spain,race,Fastest Pitstop,,,5,24,1016
Mercedes,$27.8M,Spain,race,Race Overtake Bonus,5,,5,24,1016
Mercedes,$27.8M,Canada,race,Race Position,,,40,87,1016
Mercedes,$27.8M,Canada,qualifying,Qualifying Position,,,17,87,1016
Mercedes,$27.8M,Canada,race,Both Drivers Q3,,,10,87,1016
Mercedes,$27.8M,Canada,race,Race Positions Gained,1,,1,87,1016
Mercedes,$27.8M,Canada,race,Race Fastest Lap,,,10,87,1016
Mercedes,$27.8M,Canada,race,Fastest Pitstop,,,5,87,1016
Mercedes,$27.8M,Canada,race,Race Overtake Bonus,4,,4,87,1016
Mercedes,$27.8M,Austria,race,Race Position,,,10,19,1016
Mercedes,$27.8M,Austria,qualifying,Qualifying Position,,,8,19,1016
Mercedes,$27.8M,Austria,race,Race Not Classified,,,-20,19,1016
Mercedes,$27.8M,Austria,race,Both Drivers Q3,,,10,19,1016
Mercedes,$27.8M,Austria,race,Fastest Pitstop,,,5,19,1016
Mercedes,$27.8M,Austria,race,Race Overtake Bonus,6,,6,19,1016
Mercedes,$27.8M,United Kingdom,race,Race Position,,,1,7,1016
Mercedes,$27.8M,United Kingdom,qualifying,Qualifying Position,,,11,7,1016
Mercedes,$27.8M,United Kingdom,race,Race Not Classified,,,-20,7,1016
Mercedes,$27.8M,United Kingdom,race,Both Drivers Q3,,,10,7,1016
Mercedes,$27.8M,United Kingdom,race,Race Positions Lost,6,,-6,7,1016
Mercedes,$27.8M,United Kingdom,race,Fastest Pitstop,,,5,7,1016
Mercedes,$27.8M,United Kingdom,race,Race Overtake Bonus,6,,6,7,1016
Mercedes,$27.8M,Belgium,sprint,Sprint Positions Gained,3,,3,50,1016
Mercedes,$27.8M,Belgium,sprint,Sprint Overtake Bonus,1,,1,50,1016
Mercedes,$27.8M,Belgium,race,Race Position,,,10,50,1016
Mercedes,$27.8M,Belgium,qualifying,Qualifying Position,,,5,50,1016
Mercedes,$27.8M,Belgium,sprint,Sprint Position,,,0,50,1016
Mercedes,$27.8M,Belgium,race,One Driver Q3,,,5,50,1016
Mercedes,$27.8M,Belgium,race,Race Positions Gained,4,,4,50,1016
Mercedes,$27.8M,Belgium,race,Race Fastest Lap,,,10,50,1016
Mercedes,$27.8M,Belgium,race,Fastest Pitstop,,,5,50,1016
Mercedes,$27.8M,Belgium,race,Race Overtake Bonus,7,,7,50,1016
Mercedes,$27.8M,Hungary,race,Race Position,,,16,54,1016
Mercedes,$27.8M,Hungary,qualifying,Qualifying Position,,,7,54,1016
Mercedes,$27.8M,Hungary,race,One Driver Q3,,,5,54,1016
Mercedes,$27.8M,Hungary,race,Race Positions Gained,6,,6,54,1016
Mercedes,$27.8M,Hungary,race,Race Fastest Lap,,,10,54,1016
Mercedes,$27.8M,Hungary,race,Fastest Pitstop,,,2,54,1016
Mercedes,$27.8M,Hungary,race,Race Overtake Bonus,8,,8,54,1016
Mercedes,$27.8M,Netherlands,race,Race Position,,,12,30,1016
Mercedes,$27.8M,Netherlands,qualifying,Qualifying Position,,,6,30,1016
Mercedes,$27.8M,Netherlands,race,One Driver Q3,,,5,30,1016
Mercedes,$27.8M,Netherlands,race,Race Positions Lost,4,,-4,30,1016
Mercedes,$27.8M,Netherlands,race,Fastest Pitstop,,,5,30,1016
Mercedes,$27.8M,Netherlands,race,Race Overtake Bonus,6,,6,30,1016
Mercedes,$27.8M,Italy,race,Race Position,,,12,37,1016
Mercedes,$27.8M,Italy,qualifying,Qualifying Position,,,9,37,1016
Mercedes,$27.8M,Italy,race,Both Drivers Q3,,,10,37,1016
Mercedes,$27.8M,Italy,race,Race Positions Lost,3,,-3,37,1016
Mercedes,$27.8M,Italy,race,Fastest Pitstop,,,2,37,1016
Mercedes,$27.8M,Italy,race,Race Overtake Bonus,7,,7,37,1016
Mercedes,$27.8M,Azerbaijan,race,Race Position,,,30,67,1016
Mercedes,$27.8M,Azerbaijan,qualifying,Qualifying Position,,,13,67,1016
Mercedes,$27.8M,Azerbaijan,race,Both Drivers Q3,,,10,67,1016
Mercedes,$27.8M,Azerbaijan,race,Race Positions Gained,3,,3,67,1016
Mercedes,$27.8M,Azerbaijan,race,Fastest Pitstop,,,5,67,1016
Mercedes,$27.8M,Azerbaijan,race,Race Overtake Bonus,6,,6,67,1016
Mercedes,$27.8M,Singapore,race,Race Position,,,35,67,1016
Mercedes,$27.8M,Singapore,qualifying,Qualifying Position,,,17,67,1016
Mercedes,$27.8M,Singapore,race,Both Drivers Q3,,,10,67,1016
Mercedes,$27.8M,Singapore,race,Race Positions Lost,1,,-1,67,1016
Mercedes,$27.8M,Singapore,race,Fastest Pitstop,,,5,67,1016
Mercedes,$27.8M,Singapore,race,Race Overtake Bonus,1,,1,67,1016
Mercedes,$27.8M,United States,sprint,Sprint Positions Gained,6,,6,61,1016
Mercedes,$27.8M,United States,sprint,Sprint Overtake Bonus,3,,3,61,1016
Mercedes,$27.8M,United States,race,Race Position,,,8,61,1016
Mercedes,$27.8M,United States,qualifying,Qualifying Position,,,11,61,1016
Mercedes,$27.8M,United States,sprint,Sprint Position,,,8,61,1016
Mercedes,$27.8M,United States,race,Both Drivers Q3,,,10,61,1016
Mercedes,$27.8M,United States,race,Race Positions Lost,8,,-8,61,1016
Mercedes,$27.8M,United States,race,Race Fastest Lap,,,10,61,1016
Mercedes,$27.8M,United States,race,Fastest Pitstop,,,5,61,1016
Mercedes,$27.8M,United States,race,Race Overtake Bonus,8,,8,61,1016
Mercedes,$27.8M,Mexico,race,Race Position,,,14,58,1016
Mercedes,$27.8M,Mexico,qualifying,Qualifying Position,,,12,58,1016
Mercedes,$27.8M,Mexico,race,Both Drivers Q3,,,10,58,1016
Mercedes,$27.8M,Mexico,race,Race Positions Lost,3,,-3,58,1016
Mercedes,$27.8M,Mexico,race,Race Fastest Lap,,,10,58,1016
Mercedes,$27.8M,Mexico,race,Fastest Pitstop,,,5,58,1016
Mercedes,$27.8M,Mexico,race,Race Overtake Bonus,10,,10,58,1016
Mercedes,$27.8M,Brazil,sprint,Sprint Positions Gained,1,,1,91,1016
Mercedes,$27.8M,Brazil,race,Race Position,,,30,91,1016
Mercedes,$27.8M,Brazil,qualifying,Qualifying Position,,,14,91,1016
Mercedes,$27.8M,Brazil,sprint,Sprint Position,,,13,91,1016
Mercedes,$27.8M,Brazil,race,Both Drivers Q3,,,10,91,1016
Mercedes,$27.8M,Brazil,race,Race Positions Gained,2,,2,91,1016
Mercedes,$27.8M,Brazil,race,Fastest Pitstop,,,10,91,1016
Mercedes,$27.8M,Brazil,race,Race Overtake Bonus,11,,11,91,1016
Ferrari,$31.8M,Australia,race,Race Position,,,5,36,993
Ferrari,$31.8M,Australia,qualifying,Qualifying Position,,,7,36,993
Ferrari,$31.8M,Australia,race,Both Drivers Q3,,,10,36,993
Ferrari,$31.8M,Australia,race,Race Positions Lost,3,,-3,36,993
Ferrari,$31.8M,Australia,race,Fastest Pitstop,,,5,36,993
Ferrari,$31.8M,Australia,race,Overall Fastest Pitstop,,,5,36,993
Ferrari,$31.8M,Australia,race,Race Overtake Bonus,7,,7,36,993
Ferrari,$31.8M,China,sprint,Sprint Fastest lap,,,5,-23,993
Ferrari,$31.8M,China,sprint,Sprint Positions Lost,1,,-1,-23,993
Ferrari,$31.8M,China,qualifying,Qualifying Position,,,11,-23,993
Ferrari,$31.8M,China,sprint,Sprint Position,,,12,-23,993
Ferrari,$31.8M,China,race,DQ Race,,,-60,-23,993
Ferrari,$31.8M,China,race,Both Drivers Q3,,,10,-23,993
Ferrari,$31.8M,Japan,race,Race Position,,,18,56,993
Ferrari,$31.8M,Japan,qualifying,Qualifying Position,,,10,56,993
Ferrari,$31.8M,Japan,race,Both Drivers Q3,,,10,56,993
Ferrari,$31.8M,Japan,race,Race Positions Gained,1,,1,56,993
Ferrari,$31.8M,Japan,race,Fastest Pitstop,,,10,56,993
Ferrari,$31.8M,Japan,race,Overall Fastest Pitstop,,,5,56,993
Ferrari,$31.8M,Japan,race,Race Overtake Bonus,2,,2,56,993
Ferrari,$31.8M,Bahrain,race,Race Position,,,22,73,993
Ferrari,$31.8M,Bahrain,qualifying,Qualifying Position,,,10,73,993
Ferrari,$31.8M,Bahrain,race,Both Drivers Q3,,,10,73,993
Ferrari,$31.8M,Bahrain,race,Race Positions Gained,2,,2,73,993
Ferrari,$31.8M,Bahrain,race,Fastest Pitstop,,,10,73,993
Ferrari,$31.8M,Bahrain,race,Overall Fastest Pitstop,,,5,73,993
Ferrari,$31.8M,Bahrain,race,Race Overtake Bonus,14,,14,73,993
Ferrari,$31.8M,Saudi Arabia,race,Race Position,,,21,64,993
Ferrari,$31.8M,Saudi Arabia,qualifying,Qualifying Position,,,11,64,993
Ferrari,$31.8M,Saudi Arabia,race,Both Drivers Q3,,,10,64,993
Ferrari,$31.8M,Saudi Arabia,race,Race Positions Gained,1,,1,64,993
Ferrari,$31.8M,Saudi Arabia,race,Fastest Pitstop,,,10,64,993
Ferrari,$31.8M,Saudi Arabia,race,Overall Fastest Pitstop,,,5,64,993
Ferrari,$31.8M,Saudi Arabia,race,Race Overtake Bonus,6,,6,64,993
Ferrari,$31.8M,United States,sprint,Sprint Fastest lap,,,5,34,993
Ferrari,$31.8M,United States,sprint,Sprint Positions Gained,4,,4,34,993
Ferrari,$31.8M,United States,sprint,Sprint Overtake Bonus,3,,3,34,993
Ferrari,$31.8M,United States,race,Race Position,,,10,34,993
Ferrari,$31.8M,United States,qualifying,Qualifying Position,,,3,34,993
Ferrari,$31.8M,United States,sprint,Sprint Position,,,6,34,993
Ferrari,$31.8M,United States,race,One Driver Q3,,,5,34,993
Ferrari,$31.8M,United States,race,Race Positions Gained,5,,5,34,993
Ferrari,$31.8M,United States,race,Fastest Pitstop,,,5,34,993
Ferrari,$31.8M,United States,race,Race Overtake Bonus,8,,8,34,993
Ferrari,$31.8M,United States,sprint,Sprint Not Classified,,,-20,34,993
Ferrari,$31.8M,Italy,race,Both Drivers Q2,,,3,67,993
Ferrari,$31.8M,Italy,race,Race Position,,,20,67,993
Ferrari,$31.8M,Italy,qualifying,Qualifying Position,,,0,67,993
Ferrari,$31.8M,Italy,race,Race Positions Gained,13,,13,67,993
Ferrari,$31.8M,Italy,race,Fastest Pitstop,,,10,67,993
Ferrari,$31.8M,Italy,race,Overall Fastest Pitstop,,,5,67,993
Ferrari,$31.8M,Italy,race,Race Overtake Bonus,16,,16,67,993
Ferrari,$31.8M,Monaco,race,Race Position,,,28,71,993
Ferrari,$31.8M,Monaco,qualifying,Qualifying Position,,,16,71,993
Ferrari,$31.8M,Monaco,race,Both Drivers Q3,,,10,71,993
Ferrari,$31.8M,Monaco,race,Race Positions Gained,2,,2,71,993
Ferrari,$31.8M,Monaco,race,Fastest Pitstop,,,10,71,993
Ferrari,$31.8M,Monaco,race,Overall Fastest Pitstop,,,5,71,993
Ferrari,$31.8M,Spain,race,Race Position,,,23,61,993
Ferrari,$31.8M,Spain,qualifying,Qualifying Position,,,10,61,993
Ferrari,$31.8M,Spain,race,Both Drivers Q3,,,10,61,993
Ferrari,$31.8M,Spain,race,Race Positions Gained,3,,3,61,993
Ferrari,$31.8M,Spain,race,Fastest Pitstop,,,10,61,993
Ferrari,$31.8M,Spain,race,Race Overtake Bonus,5,,5,61,993
Ferrari,$31.8M,Canada,race,Race Position,,,18,57,993
Ferrari,$31.8M,Canada,qualifying,Qualifying Position,,,9,57,993
Ferrari,$31.8M,Canada,race,Both Drivers Q3,,,10,57,993
Ferrari,$31.8M,Canada,race,Race Positions Gained,2,,2,57,993
Ferrari,$31.8M,Canada,race,Fastest Pitstop,,,10,57,993
Ferrari,$31.8M,Canada,race,Overall Fastest Pitstop,,,5,57,993
Ferrari,$31.8M,Canada,race,Race Overtake Bonus,3,,3,57,993
Ferrari,$31.8M,Austria,race,Race Position,,,27,67,993
Ferrari,$31.8M,Austria,qualifying,Qualifying Position,,,16,67,993
Ferrari,$31.8M,Austria,race,Both Drivers Q3,,,10,67,993
Ferrari,$31.8M,Austria,race,Race Positions Lost,1,,-1,67,993
Ferrari,$31.8M,Austria,race,Fastest Pitstop,,,10,67,993
Ferrari,$31.8M,Austria,race,Race Overtake Bonus,5,,5,67,993
Ferrari,$31.8M,United Kingdom,race,Race Position,,,12,41,993
Ferrari,$31.8M,United Kingdom,qualifying,Qualifying Position,,,11,41,993
Ferrari,$31.8M,United Kingdom,race,Both Drivers Q3,,,10,41,993
Ferrari,$31.8M,United Kingdom,race,Race Positions Lost,7,,-7,41,993
Ferrari,$31.8M,United Kingdom,race,Fastest Pitstop,,,5,41,993
Ferrari,$31.8M,United Kingdom,race,Race Overtake Bonus,10,,10,41,993
Ferrari,$31.8M,Belgium,sprint,Sprint Positions Gained,3,,3,70,993
Ferrari,$31.8M,Belgium,sprint,Sprint Overtake Bonus,4,,4,70,993
Ferrari,$31.8M,Belgium,race,Race Position,,,21,70,993
Ferrari,$31.8M,Belgium,qualifying,Qualifying Position,,,8,70,993
Ferrari,$31.8M,Belgium,sprint,Sprint Position,,,5,70,993
Ferrari,$31.8M,Belgium,race,One Driver Q3,,,5,70,993
Ferrari,$31.8M,Belgium,race,Race Positions Gained,11,,11,70,993
Ferrari,$31.8M,Belgium,race,Fastest Pitstop,,,5,70,993
Ferrari,$31.8M,Belgium,race,Race Overtake Bonus,8,,8,70,993
Ferrari,$31.8M,Hungary,race,Race Position,,,12,39,993
Ferrari,$31.8M,Hungary,qualifying,Qualifying Position,,,10,39,993
Ferrari,$31.8M,Hungary,race,One Driver Q3,,,5,39,993
Ferrari,$31.8M,Hungary,race,Race Positions Lost,3,,-3,39,993
Ferrari,$31.8M,Hungary,race,Fastest Pitstop,,,10,39,993
Ferrari,$31.8M,Hungary,race,Race Overtake Bonus,5,,5,39,993
Ferrari,$31.8M,Netherlands,race,Race Position,,,0,-4,993
Ferrari,$31.8M,Netherlands,qualifying,Qualifying Position,,,9,-4,993
Ferrari,$31.8M,Netherlands,race,Race Not Classified,,,-40,-4,993
Ferrari,$31.8M,Netherlands,race,Both Drivers Q3,,,10,-4,993
Ferrari,$31.8M,Netherlands,race,Fastest Pitstop,,,10,-4,993
Ferrari,$31.8M,Netherlands,race,Overall Fastest Pitstop,,,5,-4,993
Ferrari,$31.8M,Netherlands,race,Race Overtake Bonus,2,,2,-4,993
Ferrari,$31.8M,Italy,race,Race Position,,,20,67,993
Ferrari,$31.8M,Italy,qualifying,Qualifying Position,,,13,67,993
Ferrari,$31.8M,Italy,race,Both Drivers Q3,,,10,67,993
Ferrari,$31.8M,Italy,race,Race Positions Gained,4,,4,67,993
Ferrari,$31.8M,Italy,race,Fastest Pitstop,,,10,67,993
Ferrari,$31.8M,Italy,race,Race Overtake Bonus,10,,10,67,993
Ferrari,$31.8M,Azerbaijan,race,Race Position,,,6,28,993
Ferrari,$31.8M,Azerbaijan,qualifying,Qualifying Position,,,1,28,993
Ferrari,$31.8M,Azerbaijan,race,One Driver Q3,,,5,28,993
Ferrari,$31.8M,Azerbaijan,race,Race Positions Gained,5,,5,28,993
Ferrari,$31.8M,Azerbaijan,race,Fastest Pitstop,,,5,28,993
Ferrari,$31.8M,Azerbaijan,race,Race Overtake Bonus,6,,6,28,993
Ferrari,$31.8M,Singapore,race,Race Position,,,12,48,993
Ferrari,$31.8M,Singapore,qualifying,Qualifying Position,,,9,48,993
Ferrari,$31.8M,Singapore,race,Both Drivers Q3,,,10,48,993
Ferrari,$31.8M,Singapore,race,Race Positions Lost,1,,-1,48,993
Ferrari,$31.8M,Singapore,race,Race Fastest Lap,,,10,48,993
Ferrari,$31.8M,Singapore,race,Fastest Pitstop,,,5,48,993
Ferrari,$31.8M,Singapore,race,Race Overtake Bonus,3,,3,48,993
Ferrari,$31.8M,United States,sprint,Sprint Positions Gained,9,,9,85,993
Ferrari,$31.8M,United States,sprint,Sprint Overtake Bonus,4,,4,85,993
Ferrari,$31.8M,United States,race,Race Position,,,27,85,993
Ferrari,$31.8M,United States,qualifying,Qualifying Position,,,14,85,993
Ferrari,$31.8M,United States,sprint,Sprint Position,,,9,85,993
Ferrari,$31.8M,United States,race,Both Drivers Q3,,,10,85,993
Ferrari,$31.8M,United States,race,Race Positions Gained,1,,1,85,993
Ferrari,$31.8M,United States,race,Fastest Pitstop,,,5,85,993
Ferrari,$31.8M,United States,race,Race Overtake Bonus,6,,6,85,993
Ferrari,$31.8M,Mexico,race,Race Position,,,22,58,993
Ferrari,$31.8M,Mexico,qualifying,Qualifying Position,,,17,58,993
Ferrari,$31.8M,Mexico,race,Both Drivers Q3,,,10,58,993
Ferrari,$31.8M,Mexico,race,Race Positions Lost,5,,-5,58,993
Ferrari,$31.8M,Mexico,race,Fastest Pitstop,,,5,58,993
Ferrari,$31.8M,Mexico,race,Race Overtake Bonus,9,,9,58,993
Ferrari,$31.8M,Brazil,sprint,Sprint Positions Gained,7,,7,-2,993
Ferrari,$31.8M,Brazil,sprint,Sprint Overtake Bonus,5,,5,-2,993
Ferrari,$31.8M,Brazil,race,Race Position,,,0,-2,993
Ferrari,$31.8M,Brazil,qualifying,Qualifying Position,,,8,-2,993
Ferrari,$31.8M,Brazil,sprint,Sprint Position,,,6,-2,993
Ferrari,$31.8M,Brazil,race,Race Not Classified,,,-40,-2,993
Ferrari,$31.8M,Brazil,race,One Driver Q3,,,5,-2,993
Ferrari,$31.8M,Brazil,race,Fastest Pitstop,,,5,-2,993
Ferrari,$31.8M,Brazil,race,Race Overtake Bonus,2,,2,-2,993
Haas,$14.4M,Australia,race,Race Position,,,0,14,435
Haas,$14.4M,Australia,qualifying,Qualifying Position,,,0,14,435
Haas,$14.4M,Australia,race,QF Not Classified,,,-5,14,435
Haas,$14.4M,Australia,race,No Driver Q2,,,-1,14,435
Haas,$14.4M,Australia,race,Race Positions Gained,12,,12,14,435
Haas,$14.4M,Australia,race,Fastest Pitstop,,,5,14,435
Haas,$14.4M,Australia,race,Race Overtake Bonus,3,,3,14,435
Haas,$14.4M,China,sprint,Sprint Positions Lost,1,,-1,47,435
Haas,$14.4M,China,sprint,Sprint Overtake Bonus,3,,3,47,435
Haas,$14.4M,China,race,Race Position,,,14,47,435
Haas,$14.4M,China,qualifying,Qualifying Position,,,0,47,435
Haas,$14.4M,China,sprint,Sprint Position,,,0,47,435
Haas,$14.4M,China,race,One Driver Q2,,,1,47,435
Haas,$14.4M,China,race,Race Positions Gained,15,,15,47,435
Haas,$14.4M,China,race,Fastest Pitstop,,,2,47,435
Haas,$14.4M,China,race,Race Overtake Bonus,13,,13,47,435
Haas,$14.4M,Japan,race,Race Position,,,1,10,435
Haas,$14.4M,Japan,qualifying,Qualifying Position,,,1,10,435
Haas,$14.4M,Japan,race,One Driver Q3,,,5,10,435
Haas,$14.4M,Japan,race,Race Overtake Bonus,3,,3,10,435
Haas,$14.4M,Bahrain,race,Race Position,,,5,40,435
Haas,$14.4M,Bahrain,qualifying,Qualifying Position,,,0,40,435
Haas,$14.4M,Bahrain,race,One Driver Q2,,,1,40,435
Haas,$14.4M,Bahrain,race,Race Positions Gained,16,,16,40,435
Haas,$14.4M,Bahrain,race,Fastest Pitstop,,,2,40,435
Haas,$14.4M,Bahrain,race,Race Overtake Bonus,16,,16,40,435
Haas,$14.4M,Saudi Arabia,race,Race Position,,,0,12,435
Haas,$14.4M,Saudi Arabia,qualifying,Qualifying Position,,,0,12,435
Haas,$14.4M,Saudi Arabia,race,One Driver Q2,,,1,12,435
Haas,$14.4M,Saudi Arabia,race,Race Positions Gained,7,,7,12,435
Haas,$14.4M,Saudi Arabia,race,Race Overtake Bonus,4,,4,12,435
Haas,$14.4M,United States,sprint,Sprint Positions Gained,5,,5,8,435
Haas,$14.4M,United States,sprint,Sprint Overtake Bonus,10,,10,8,435
Haas,$14.4M,United States,race,Race Position,,,0,8,435
Haas,$14.4M,United States,qualifying,Qualifying Position,,,2,8,435
Haas,$14.4M,United States,sprint,Sprint Position,,,0,8,435
Haas,$14.4M,United States,race,Race Not Classified,,,-20,8,435
Haas,$14.4M,United States,race,One Driver Q3,,,5,8,435
Haas,$14.4M,United States,race,Race Positions Lost,3,,-3,8,435
Haas,$14.4M,United States,race,Race Overtake Bonus,9,,9,8,435
Haas,$14.4M,Italy,race,Race Position,,,0,-13,435
Haas,$14.4M,Italy,qualifying,Qualifying Position,,,0,-13,435
Haas,$14.4M,Italy,race,Race Not Classified,,,-20,-13,435
Haas,$14.4M,Italy,race,No Driver Q2,,,-1,-13,435
Haas,$14.4M,Italy,race,Race Positions Gained,2,,2,-13,435
Haas,$14.4M,Italy,race,Fastest Pitstop,,,2,-13,435
Haas,$14.4M,Italy,race,Race Overtake Bonus,4,,4,-13,435
Haas,$14.4M,Monaco,race,Race Position,,,6,25,435
Haas,$14.4M,Monaco,qualifying,Qualifying Position,,,3,25,435
Haas,$14.4M,Monaco,race,One Driver Q3,,,5,25,435
Haas,$14.4M,Monaco,race,Race Positions Gained,9,,9,25,435
Haas,$14.4M,Monaco,race,Fastest Pitstop,,,2,25,435
Haas,$14.4M,Spain,race,Race Position,,,0,6,435
Haas,$14.4M,Spain,qualifying,Qualifying Position,,,0,6,435
Haas,$14.4M,Spain,race,One Driver Q2,,,1,6,435
Haas,$14.4M,Spain,race,Race Positions Lost,3,,-3,6,435
Haas,$14.4M,Spain,race,Fastest Pitstop,,,2,6,435
Haas,$14.4M,Spain,race,Race Overtake Bonus,6,,6,6,435
Haas,$14.4M,Canada,race,Both Drivers Q2,,,3,22,435
Haas,$14.4M,Canada,race,Race Position,,,2,22,435
Haas,$14.4M,Canada,qualifying,Qualifying Position,,,0,22,435
Haas,$14.4M,Canada,race,Race Positions Gained,7,,7,22,435
Haas,$14.4M,Canada,race,Fastest Pitstop,,,2,22,435
Haas,$14.4M,Canada,race,Race Overtake Bonus,8,,8,22,435
Haas,$14.4M,Austria,race,Race Position,,,1,37,435
Haas,$14.4M,Austria,qualifying,Qualifying Position,,,0,37,435
Haas,$14.4M,Austria,race,One Driver Q2,,,1,37,435
Haas,$14.4M,Austria,race,Race Positions Gained,11,,11,37,435
Haas,$14.4M,Austria,race,Fastest Pitstop,,,2,37,435
Haas,$14.4M,Austria,race,Race Overtake Bonus,22,,22,37,435
Haas,$14.4M,United Kingdom,race,Race Position,,,0,25,435
Haas,$14.4M,United Kingdom,qualifying,Qualifying Position,,,3,25,435
Haas,$14.4M,United Kingdom,race,One Driver Q3,,,5,25,435
Haas,$14.4M,United Kingdom,race,Race Positions Gained,8,,8,25,435
Haas,$14.4M,United Kingdom,race,Fastest Pitstop,,,2,25,435
Haas,$14.4M,United Kingdom,race,Race Overtake Bonus,7,,7,25,435
Haas,$14.4M,Belgium,race,Both Drivers Q2,,,3,15,435
Haas,$14.4M,Belgium,race,Race Position,,,0,15,435
Haas,$14.4M,Belgium,qualifying,Qualifying Position,,,0,15,435
Haas,$14.4M,Belgium,sprint,Sprint Position,,,6,15,435
Haas,$14.4M,Belgium,race,Race Positions Lost,3,,-3,15,435
Haas,$14.4M,Belgium,race,Fastest Pitstop,,,2,15,435
Haas,$14.4M,Belgium,race,Race Overtake Bonus,7,,7,15,435
Haas,$14.4M,Hungary,race,Race Position,,,0,-9,435
Haas,$14.4M,Hungary,qualifying,Qualifying Position,,,0,-9,435
Haas,$14.4M,Hungary,race,Race Not Classified,,,-20,-9,435
Haas,$14.4M,Hungary,race,One Driver Q2,,,1,-9,435
Haas,$14.4M,Hungary,race,Race Positions Gained,1,,1,-9,435
Haas,$14.4M,Hungary,race,Fastest Pitstop,,,2,-9,435
Haas,$14.4M,Hungary,race,Race Overtake Bonus,7,,7,-9,435
Haas,$14.4M,Netherlands,race,Race Position,,,9,43,435
Haas,$14.4M,Netherlands,qualifying,Qualifying Position,,,0,43,435
Haas,$14.4M,Netherlands,race,No Driver Q2,,,-1,43,435
Haas,$14.4M,Netherlands,race,Race Positions Gained,22,,22,43,435
Haas,$14.4M,Netherlands,race,Fastest Pitstop,,,2,43,435
Haas,$14.4M,Netherlands,race,Race Overtake Bonus,11,,11,43,435
Haas,$14.4M,Italy,race,Both Drivers Q2,,,3,7,435
Haas,$14.4M,Italy,race,Race Position,,,0,7,435
Haas,$14.4M,Italy,qualifying,Qualifying Position,,,0,7,435
Haas,$14.4M,Italy,race,Race Positions Lost,1,,-1,7,435
Haas,$14.4M,Italy,race,Race Overtake Bonus,5,,5,7,435
Haas,$14.4M,Azerbaijan,race,Race Position,,,0,13,435
Haas,$14.4M,Azerbaijan,qualifying,Qualifying Position,,,0,13,435
Haas,$14.4M,Azerbaijan,race,QF Not Classified,,,-10,13,435
Haas,$14.4M,Azerbaijan,race,One Driver Q2,,,1,13,435
Haas,$14.4M,Azerbaijan,race,Race Positions Gained,9,,9,13,435
Haas,$14.4M,Azerbaijan,race,Fastest Pitstop,,,5,13,435
Haas,$14.4M,Azerbaijan,race,Race Overtake Bonus,8,,8,13,435
Haas,$14.4M,Singapore,race,Race Position,,,2,15,435
Haas,$14.4M,Singapore,qualifying,Qualifying Position,,,2,15,435
Haas,$14.4M,Singapore,race,One Driver Q3,,,5,15,435
Haas,$14.4M,Singapore,race,Race Positions Lost,1,,-1,15,435
Haas,$14.4M,Singapore,race,Fastest Pitstop,,,2,15,435
Haas,$14.4M,Singapore,race,Race Overtake Bonus,5,,5,15,435
Haas,$14.4M,United States,sprint,Sprint Positions Gained,1,,1,13,435
Haas,$14.4M,United States,sprint,Sprint Overtake Bonus,10,,10,13,435
Haas,$14.4M,United States,race,Race Position,,,2,13,435
Haas,$14.4M,United States,qualifying,Qualifying Position,,,3,13,435
Haas,$14.4M,United States,sprint,Sprint Position,,,0,13,435
Haas,$14.4M,United States,race,One Driver Q3,,,5,13,435
Haas,$14.4M,United States,race,Race Positions Gained,1,,1,13,435
Haas,$14.4M,United States,race,Fastest Pitstop,,,2,13,435
Haas,$14.4M,United States,race,Race Overtake Bonus,9,,9,13,435
Haas,$14.4M,United States,sprint,Sprint Not Classified,,,-20,13,435
Haas,$14.4M,Mexico,race,Race Position,,,14,45,435
Haas,$14.4M,Mexico,qualifying,Qualifying Position,,,1,45,435
Haas,$14.4M,Mexico,race,One Driver Q3,,,5,45,435
Haas,$14.4M,Mexico,race,Race Positions Gained,7,,7,45,435
Haas,$14.4M,Mexico,race,Fastest Pitstop,,,5,45,435
Haas,$14.4M,Mexico,race,Race Overtake Bonus,13,,13,45,435
Haas,$14.4M,Brazil,sprint,Sprint Positions Gained,10,,10,60,435
Haas,$14.4M,Brazil,sprint,Sprint Overtake Bonus,3,,3,60,435
Haas,$14.4M,Brazil,race,Race Position,,,8,60,435
Haas,$14.4M,Brazil,qualifying,Qualifying Position,,,3,60,435
Haas,$14.4M,Brazil,sprint,Sprint Position,,,0,60,435
Haas,$14.4M,Brazil,race,One Driver Q3,,,5,60,435
Haas,$14.4M,Brazil,race,Race Positions Gained,10,,10,60,435
Haas,$14.4M,Brazil,race,Fastest Pitstop,,,2,60,435
Haas,$14.4M,Brazil,race,Race Overtake Bonus,19,,19,60,435
Williams,$18.9M,Australia,race,Race Position,,,10,10,419
Williams,$18.9M,Australia,qualifying,Qualifying Position,,,6,10,419
Williams,$18.9M,Australia,race,Race Not Classified,,,-20,10,419
Williams,$18.9M,Australia,race,Both Drivers Q3,,,10,10,419
Williams,$18.9M,Australia,race,Race Positions Gained,1,,1,10,419
Williams,$18.9M,Australia,race,Fastest Pitstop,,,2,10,419
Williams,$18.9M,Australia,race,Race Overtake Bonus,1,,1,10,419
Williams,$18.9M,China,sprint,Sprint Positions Lost,6,,-6,26,419
Williams,$18.9M,China,sprint,Sprint Overtake Bonus,2,,2,26,419
Williams,$18.9M,China,race,Race Position,,,7,26,419
Williams,$18.9M,China,qualifying,Qualifying Position,,,1,26,419
Williams,$18.9M,China,sprint,Sprint Position,,,0,26,419
Williams,$18.9M,China,race,One Driver Q3,,,5,26,419
Williams,$18.9M,China,race,Race Positions Gained,8,,8,26,419
Williams,$18.9M,China,race,Fastest Pitstop,,,2,26,419
Williams,$18.9M,China,race,Race Overtake Bonus,7,,7,26,419
Williams,$18.9M,Japan,race,Race Position,,,2,19,419
Williams,$18.9M,Japan,qualifying,Qualifying Position,,,2,19,419
Williams,$18.9M,Japan,race,One Driver Q3,,,5,19,419
Williams,$18.9M,Japan,race,Race Positions Gained,1,,1,19,419
Williams,$18.9M,Japan,race,Fastest Pitstop,,,2,19,419
Williams,$18.9M,Japan,race,Race Overtake Bonus,7,,7,19,419
Williams,$18.9M,Bahrain,race,Race Position,,,0,13,419
Williams,$18.9M,Bahrain,qualifying,Qualifying Position,,,3,13,419
Williams,$18.9M,Bahrain,race,Race Not Classified,,,-20,13,419
Williams,$18.9M,Bahrain,race,One Driver Q3,,,5,13,419
Williams,$18.9M,Bahrain,race,Race Positions Gained,3,,3,13,419
Williams,$18.9M,Bahrain,race,Fastest Pitstop,,,2,13,419
Williams,$18.9M,Bahrain,race,Race Overtake Bonus,20,,20,13,419
Williams,$18.9M,Saudi Arabia,race,Race Position,,,6,27,419
Williams,$18.9M,Saudi Arabia,qualifying,Qualifying Position,,,5,27,419
Williams,$18.9M,Saudi Arabia,race,One Driver Q3,,,5,27,419
Williams,$18.9M,Saudi Arabia,race,Race Overtake Bonus,11,,11,27,419
Williams,$18.9M,United States,sprint,Sprint Positions Lost,3,,-3,31,419
Williams,$18.9M,United States,sprint,Sprint Overtake Bonus,8,,8,31,419
Williams,$18.9M,United States,race,Race Position,,,12,31,419
Williams,$18.9M,United States,qualifying,Qualifying Position,,,9,31,419
Williams,$18.9M,United States,sprint,Sprint Position,,,0,31,419
Williams,$18.9M,United States,race,Both Drivers Q3,,,10,31,419
Williams,$18.9M,United States,race,Race Positions Lost,1,,-1,31,419
Williams,$18.9M,United States,race,Fastest Pitstop,,,2,31,419
Williams,$18.9M,United States,race,Race Overtake Bonus,14,,14,31,419
Williams,$18.9M,United States,sprint,Sprint Not Classified,,,-20,31,419
Williams,$18.9M,Italy,race,Race Position,,,14,42,419
Williams,$18.9M,Italy,qualifying,Qualifying Position,,,9,42,419
Williams,$18.9M,Italy,race,Both Drivers Q3,,,10,42,419
Williams,$18.9M,Italy,race,Fastest Pitstop,,,2,42,419
Williams,$18.9M,Italy,race,Race Overtake Bonus,7,,7,42,419
Williams,$18.9M,Monaco,race,Race Position,,,3,16,419
Williams,$18.9M,Monaco,qualifying,Qualifying Position,,,1,16,419
Williams,$18.9M,Monaco,race,One Driver Q3,,,5,16,419
Williams,$18.9M,Monaco,race,Race Positions Gained,2,,2,16,419
Williams,$18.9M,Monaco,race,Fastest Pitstop,,,5,16,419
Williams,$18.9M,Spain,race,Race Position,,,0,-8,419
Williams,$18.9M,Spain,qualifying,Qualifying Position,,,0,-8,419
Williams,$18.9M,Spain,race,Race Not Classified,,,-20,-8,419
Williams,$18.9M,Spain,race,One Driver Q2,,,1,-8,419
Williams,$18.9M,Spain,race,Race Positions Gained,3,,3,-8,419
Williams,$18.9M,Spain,race,Fastest Pitstop,,,2,-8,419
Williams,$18.9M,Spain,race,Race Overtake Bonus,6,,6,-8,419
Williams,$18.9M,Canada,race,Race Position,,,1,4,419
Williams,$18.9M,Canada,qualifying,Qualifying Position,,,1,4,419
Williams,$18.9M,Canada,race,Race Not Classified,,,-20,4,419
Williams,$18.9M,Canada,race,One Driver Q3,,,5,4,419
Williams,$18.9M,Canada,race,Race Positions Gained,6,,6,4,419
Williams,$18.9M,Canada,race,Fastest Pitstop,,,2,4,419
Williams,$18.9M,Canada,race,Race Overtake Bonus,9,,9,4,419
Williams,$18.9M,Austria,race,Race Position,,,0,-36,419
Williams,$18.9M,Austria,qualifying,Qualifying Position,,,0,-36,419
Williams,$18.9M,Austria,race,Race Not Classified,,,-40,-36,419
Williams,$18.9M,Austria,race,One Driver Q2,,,1,-36,419
Williams,$18.9M,Austria,race,Fastest Pitstop,,,2,-36,419
Williams,$18.9M,Austria,race,Race Overtake Bonus,1,,1,-36,419
Williams,$18.9M,United Kingdom,race,Both Drivers Q2,,,3,16,419
Williams,$18.9M,United Kingdom,race,Race Position,,,4,16,419
Williams,$18.9M,United Kingdom,qualifying,Qualifying Position,,,0,16,419
Williams,$18.9M,United Kingdom,race,Race Positions Gained,2,,2,16,419
Williams,$18.9M,United Kingdom,race,Fastest Pitstop,,,2,16,419
Williams,$18.9M,United Kingdom,race,Race Overtake Bonus,5,,5,16,419
Williams,$18.9M,Belgium,sprint,Sprint Overtake Bonus,1,,1,27,419
Williams,$18.9M,Belgium,race,Race Position,,,8,27,419
Williams,$18.9M,Belgium,qualifying,Qualifying Position,,,6,27,419
Williams,$18.9M,Belgium,sprint,Sprint Position,,,3,27,419
Williams,$18.9M,Belgium,race,One Driver Q3,,,5,27,419
Williams,$18.9M,Belgium,race,Race Positions Lost,2,,-2,27,419
Williams,$18.9M,Belgium,race,Fastest Pitstop,,,2,27,419
Williams,$18.9M,Belgium,race,Race Overtake Bonus,4,,4,27,419
Williams,$18.9M,Hungary,race,Race Position,,,0,24,419
Williams,$18.9M,Hungary,qualifying,Qualifying Position,,,0,24,419
Williams,$18.9M,Hungary,race,One Driver Q2,,,1,24,419
Williams,$18.9M,Hungary,race,Race Positions Gained,3,,3,24,419
Williams,$18.9M,Hungary,race,Fastest Pitstop,,,5,24,419
Williams,$18.9M,Hungary,race,Race Overtake Bonus,15,,15,24,419
Williams,$18.9M,Netherlands,race,Race Position,,,10,35,419
Williams,$18.9M,Netherlands,qualifying,Qualifying Position,,,2,35,419
Williams,$18.9M,Netherlands,race,One Driver Q3,,,5,35,419
Williams,$18.9M,Netherlands,race,Race Positions Gained,6,,6,35,419
Williams,$18.9M,Netherlands,race,Fastest Pitstop,,,2,35,419
Williams,$18.9M,Netherlands,race,Race Overtake Bonus,10,,10,35,419
Williams,$18.9M,Italy,race,Both Drivers Q2,,,3,23,419
Williams,$18.9M,Italy,race,Race Position,,,6,23,419
Williams,$18.9M,Italy,qualifying,Qualifying Position,,,0,23,419
Williams,$18.9M,Italy,race,Race Positions Gained,9,,9,23,419
Williams,$18.9M,Italy,race,Fastest Pitstop,,,2,23,419
Williams,$18.9M,Italy,race,Race Overtake Bonus,3,,3,23,419
Williams,$18.9M,Azerbaijan,race,Race Position,,,15,46,419
Williams,$18.9M,Azerbaijan,qualifying,Qualifying Position,,,9,46,419
Williams,$18.9M,Azerbaijan,race,One Driver Q3,,,5,46,419
Williams,$18.9M,Azerbaijan,race,Race Positions Gained,5,,5,46,419
Williams,$18.9M,Azerbaijan,race,Fastest Pitstop,,,5,46,419
Williams,$18.9M,Azerbaijan,race,Race Overtake Bonus,7,,7,46,419
Williams,$18.9M,Singapore,race,Race Position,,,1,5,419
Williams,$18.9M,Singapore,qualifying,Qualifying Position,,,0,5,419
Williams,$18.9M,Singapore,race,QF Not Classified,,,-20,5,419
Williams,$18.9M,Singapore,race,No Driver Q2,,,-1,5,419
Williams,$18.9M,Singapore,race,Race Positions Gained,14,,14,5,419
Williams,$18.9M,Singapore,race,Fastest Pitstop,,,2,5,419
Williams,$18.9M,Singapore,race,Race Overtake Bonus,9,,9,5,419
Williams,$18.9M,United States,sprint,Sprint Positions Gained,7,,7,27,419
Williams,$18.9M,United States,sprint,Sprint Overtake Bonus,4,,4,27,419
Williams,$18.9M,United States,race,Race Position,,,0,27,419
Williams,$18.9M,United States,qualifying,Qualifying Position,,,2,27,419
Williams,$18.9M,United States,sprint,Sprint Position,,,9,27,419
Williams,$18.9M,United States,race,Race Not Classified,,,-20,27,419
Williams,$18.9M,United States,race,One Driver Q3,,,5,27,419
Williams,$18.9M,United States,race,Race Positions Gained,4,,4,27,419
Williams,$18.9M,United States,race,Fastest Pitstop,,,5,27,419
Williams,$18.9M,United States,race,Race Overtake Bonus,11,,11,27,419
Williams,$18.9M,Mexico,race,Race Position,,,0,29,419
Williams,$18.9M,Mexico,qualifying,Qualifying Position,,,4,29,419
Williams,$18.9M,Mexico,race,One Driver Q3,,,5,29,419
Williams,$18.9M,Mexico,race,Fastest Pitstop,,,5,29,419
Williams,$18.9M,Mexico,race,Race Overtake Bonus,15,,15,29,419
Williams,$18.9M,Brazil,race,Both Drivers Q2,,,3,43,419
Williams,$18.9M,Brazil,sprint,Sprint Positions Gained,1,,1,43,419
Williams,$18.9M,Brazil,sprint,Sprint Overtake Bonus,3,,3,43,419
Williams,$18.9M,Brazil,race,Race Position,,,0,43,419
Williams,$18.9M,Brazil,qualifying,Qualifying Position,,,0,43,419
Williams,$18.9M,Brazil,sprint,Sprint Position,,,0,43,419
Williams,$18.9M,Brazil,race,Race Positions Gained,3,,3,43,419
Williams,$18.9M,Brazil,race,Race Fastest Lap,,,10,43,419
Williams,$18.9M,Brazil,race,Fastest Pitstop,,,5,43,419
Williams,$18.9M,Brazil,race,Race Overtake Bonus,18,,18,43,419
Racing Bulls,$15M,Australia,race,Race Position,,,0,-10,411
Racing Bulls,$15M,Australia,qualifying,Qualifying Position,,,6,-10,411
Racing Bulls,$15M,Australia,race,Race Not Classified,,,-20,-10,411
Racing Bulls,$15M,Australia,race,One Driver Q3,,,5,-10,411
Racing Bulls,$15M,Australia,race,Race Positions Lost,7,,-7,-10,411
Racing Bulls,$15M,Australia,race,Fastest Pitstop,,,5,-10,411
Racing Bulls,$15M,Australia,race,Race Overtake Bonus,1,,1,-10,411
Racing Bulls,$15M,China,sprint,Sprint Positions Gained,4,,4,42,411
Racing Bulls,$15M,China,sprint,Sprint Overtake Bonus,6,,6,42,411
Racing Bulls,$15M,China,race,Race Position,,,0,42,411
Racing Bulls,$15M,China,qualifying,Qualifying Position,,,6,42,411
Racing Bulls,$15M,China,sprint,Sprint Position,,,3,42,411
Racing Bulls,$15M,China,race,Both Drivers Q3,,,10,42,411
Racing Bulls,$15M,China,race,Race Positions Lost,11,,-11,42,411
Racing Bulls,$15M,China,race,Fastest Pitstop,,,10,42,411
Racing Bulls,$15M,China,race,Overall Fastest Pitstop,,,5,42,411
Racing Bulls,$15M,China,race,Race Overtake Bonus,9,,9,42,411
Racing Bulls,$15M,Japan,race,Race Position,,,4,14,411
Racing Bulls,$15M,Japan,qualifying,Qualifying Position,,,4,14,411
Racing Bulls,$15M,Japan,race,One Driver Q3,,,5,14,411
Racing Bulls,$15M,Japan,race,Race Positions Lost,5,,-5,14,411
Racing Bulls,$15M,Japan,race,Fastest Pitstop,,,5,14,411
Racing Bulls,$15M,Japan,race,Race Overtake Bonus,1,,1,14,411
Racing Bulls,$15M,Bahrain,race,Race Position,,,0,22,411
Racing Bulls,$15M,Bahrain,qualifying,Qualifying Position,,,0,22,411
Racing Bulls,$15M,Bahrain,race,One Driver Q2,,,1,22,411
Racing Bulls,$15M,Bahrain,race,Fastest Pitstop,,,5,22,411
Racing Bulls,$15M,Bahrain,race,Race Overtake Bonus,16,,16,22,411
Racing Bulls,$15M,Saudi Arabia,race,Both Drivers Q2,,,3,18,411
Racing Bulls,$15M,Saudi Arabia,race,Race Position,,,1,18,411
Racing Bulls,$15M,Saudi Arabia,qualifying,Qualifying Position,,,0,18,411
Racing Bulls,$15M,Saudi Arabia,race,Race Positions Gained,4,,4,18,411
Racing Bulls,$15M,Saudi Arabia,race,Fastest Pitstop,,,2,18,411
Racing Bulls,$15M,Saudi Arabia,race,Race Overtake Bonus,8,,8,18,411
Racing Bulls,$15M,United States,race,Both Drivers Q2,,,3,-6,411
Racing Bulls,$15M,United States,sprint,Sprint Overtake Bonus,4,,4,-6,411
Racing Bulls,$15M,United States,race,Race Position,,,0,-6,411
Racing Bulls,$15M,United States,qualifying,Qualifying Position,,,0,-6,411
Racing Bulls,$15M,United States,sprint,Sprint Position,,,0,-6,411
Racing Bulls,$15M,United States,race,Race Not Classified,,,-20,-6,411
Racing Bulls,$15M,United States,race,Fastest Pitstop,,,5,-6,411
Racing Bulls,$15M,United States,race,Race Overtake Bonus,2,,2,-6,411
Racing Bulls,$15M,Italy,race,Race Position,,,2,24,411
Racing Bulls,$15M,Italy,qualifying,Qualifying Position,,,2,24,411
Racing Bulls,$15M,Italy,race,One Driver Q3,,,5,24,411
Racing Bulls,$15M,Italy,race,Race Positions Gained,1,,1,24,411
Racing Bulls,$15M,Italy,race,Fastest Pitstop,,,10,24,411
Racing Bulls,$15M,Italy,race,Race Overtake Bonus,4,,4,24,411
Racing Bulls,$15M,Monaco,race,Race Position,,,12,31,411
Racing Bulls,$15M,Monaco,qualifying,Qualifying Position,,,7,31,411
Racing Bulls,$15M,Monaco,race,Both Drivers Q3,,,10,31,411
Racing Bulls,$15M,Monaco,race,Fastest Pitstop,,,2,31,411
Racing Bulls,$15M,Spain,race,Race Position,,,6,35,411
Racing Bulls,$15M,Spain,qualifying,Qualifying Position,,,2,35,411
Racing Bulls,$15M,Spain,race,One Driver Q3,,,5,35,411
Racing Bulls,$15M,Spain,race,Race Positions Gained,4,,4,35,411
Racing Bulls,$15M,Spain,race,Fastest Pitstop,,,5,35,411
Racing Bulls,$15M,Spain,race,Race Overtake Bonus,13,,13,35,411
Racing Bulls,$15M,Canada,race,Race Position,,,0,-4,411
Racing Bulls,$15M,Canada,qualifying,Qualifying Position,,,2,-4,411
Racing Bulls,$15M,Canada,race,Race Not Classified,,,-20,-4,411
Racing Bulls,$15M,Canada,race,One Driver Q3,,,5,-4,411
Racing Bulls,$15M,Canada,race,Race Positions Lost,4,,-4,-4,411
Racing Bulls,$15M,Canada,race,Fastest Pitstop,,,10,-4,411
Racing Bulls,$15M,Canada,race,Race Overtake Bonus,3,,3,-4,411
Racing Bulls,$15M,Austria,race,Race Position,,,8,34,411
Racing Bulls,$15M,Austria,qualifying,Qualifying Position,,,5,34,411
Racing Bulls,$15M,Austria,race,One Driver Q3,,,5,34,411
Racing Bulls,$15M,Austria,race,Race Positions Gained,1,,1,34,411
Racing Bulls,$15M,Austria,race,Fastest Pitstop,,,10,34,411
Racing Bulls,$15M,Austria,race,Race Overtake Bonus,5,,5,34,411
Racing Bulls,$15M,United Kingdom,race,Race Position,,,0,-35,411
Racing Bulls,$15M,United Kingdom,qualifying,Qualifying Position,,,0,-35,411
Racing Bulls,$15M,United Kingdom,race,Race Not Classified,,,-40,-35,411
Racing Bulls,$15M,United Kingdom,race,One Driver Q2,,,1,-35,411
Racing Bulls,$15M,United Kingdom,race,Fastest Pitstop,,,2,-35,411
Racing Bulls,$15M,United Kingdom,race,Race Overtake Bonus,2,,2,-35,411
Racing Bulls,$15M,Belgium,sprint,Sprint Positions Gained,2,,2,17,411
Racing Bulls,$15M,Belgium,race,Race Position,,,4,17,411
Racing Bulls,$15M,Belgium,qualifying,Qualifying Position,,,5,17,411
Racing Bulls,$15M,Belgium,sprint,Sprint Position,,,1,17,411
Racing Bulls,$15M,Belgium,race,Both Drivers Q3,,,10,17,411
Racing Bulls,$15M,Belgium,race,Race Positions Lost,11,,-11,17,411
Racing Bulls,$15M,Belgium,race,Fastest Pitstop,,,5,17,411
Racing Bulls,$15M,Belgium,race,Race Overtake Bonus,1,,1,17,411
Racing Bulls,$15M,Hungary,race,Race Position,,,4,29,411
Racing Bulls,$15M,Hungary,qualifying,Qualifying Position,,,3,29,411
Racing Bulls,$15M,Hungary,race,Both Drivers Q3,,,10,29,411
Racing Bulls,$15M,Hungary,race,Fastest Pitstop,,,5,29,411
Racing Bulls,$15M,Hungary,race,Race Overtake Bonus,7,,7,29,411
Racing Bulls,$15M,Netherlands,race,Race Position,,,15,38,411
Racing Bulls,$15M,Netherlands,qualifying,Qualifying Position,,,10,38,411
Racing Bulls,$15M,Netherlands,race,Both Drivers Q3,,,10,38,411
Racing Bulls,$15M,Netherlands,race,Race Positions Lost,3,,-3,38,411
Racing Bulls,$15M,Netherlands,race,Fastest Pitstop,,,5,38,411
Racing Bulls,$15M,Netherlands,race,Race Overtake Bonus,1,,1,38,411
Racing Bulls,$15M,Italy,race,Race Position,,,1,27,411
Racing Bulls,$15M,Italy,qualifying,Qualifying Position,,,0,27,411
Racing Bulls,$15M,Italy,race,No Driver Q2,,,-1,27,411
Racing Bulls,$15M,Italy,race,Race Positions Gained,13,,13,27,411
Racing Bulls,$15M,Italy,race,Fastest Pitstop,,,10,27,411
Racing Bulls,$15M,Italy,race,Race Overtake Bonus,4,,4,27,411
Racing Bulls,$15M,Azerbaijan,race,Race Position,,,11,41,411
Racing Bulls,$15M,Azerbaijan,qualifying,Qualifying Position,,,11,41,411
Racing Bulls,$15M,Azerbaijan,race,Both Drivers Q3,,,10,41,411
Racing Bulls,$15M,Azerbaijan,race,Race Positions Lost,4,,-4,41,411
Racing Bulls,$15M,Azerbaijan,race,Fastest Pitstop,,,10,41,411
Racing Bulls,$15M,Azerbaijan,race,Race Overtake Bonus,3,,3,41,411
Racing Bulls,$15M,Singapore,race,Race Position,,,0,16,411
Racing Bulls,$15M,Singapore,qualifying,Qualifying Position,,,3,16,411
Racing Bulls,$15M,Singapore,race,One Driver Q3,,,5,16,411
Racing Bulls,$15M,Singapore,race,Race Positions Lost,6,,-6,16,411
Racing Bulls,$15M,Singapore,race,Fastest Pitstop,,,5,16,411
Racing Bulls,$15M,Singapore,race,Race Overtake Bonus,9,,9,16,411
Racing Bulls,$15M,United States,sprint,Sprint Positions Gained,6,,6,34,411
Racing Bulls,$15M,United States,sprint,Sprint Overtake Bonus,6,,6,34,411
Racing Bulls,$15M,United States,race,Race Position,,,0,34,411
Racing Bulls,$15M,United States,qualifying,Qualifying Position,,,0,34,411
Racing Bulls,$15M,United States,sprint,Sprint Position,,,0,34,411
Racing Bulls,$15M,United States,race,QF Not Classified,,,-5,34,411
Racing Bulls,$15M,United States,race,One Driver Q2,,,1,34,411
Racing Bulls,$15M,United States,race,Race Positions Gained,5,,5,34,411
Racing Bulls,$15M,United States,race,Fastest Pitstop,,,10,34,411
Racing Bulls,$15M,United States,race,Overall Fastest Pitstop,,,5,34,411
Racing Bulls,$15M,United States,race,Race Overtake Bonus,6,,6,34,411
Racing Bulls,$15M,Mexico,race,Race Position,,,0,-10,411
Racing Bulls,$15M,Mexico,qualifying,Qualifying Position,,,2,-10,411
Racing Bulls,$15M,Mexico,race,Race Not Classified,,,-20,-10,411
Racing Bulls,$15M,Mexico,race,One Driver Q3,,,5,-10,411
Racing Bulls,$15M,Mexico,race,Race Positions Lost,5,,-5,-10,411
Racing Bulls,$15M,Mexico,race,Fastest Pitstop,,,5,-10,411
Racing Bulls,$15M,Mexico,race,Race Overtake Bonus,3,,3,-10,411
Racing Bulls,$15M,Brazil,race,Race Position,,,10,54,411
Racing Bulls,$15M,Brazil,qualifying,Qualifying Position,,,10,54,411
Racing Bulls,$15M,Brazil,sprint,Sprint Position,,,0,54,411
Racing Bulls,$15M,Brazil,race,Both Drivers Q3,,,10,54,411
Racing Bulls,$15M,Brazil,race,Race Positions Lost,3,,-3,54,411
Racing Bulls,$15M,Brazil,race,Fastest Pitstop,,,10,54,411
Racing Bulls,$15M,Brazil,race,Race Overtake Bonus,17,,17,54,411
Aston Martin,$11.1M,Australia,race,Both Drivers Q2,,,3,1,283
Aston Martin,$11.1M,Australia,race,Race Position,,,8,1,283
Aston Martin,$11.1M,Australia,qualifying,Qualifying Position,,,0,1,283
Aston Martin,$11.1M,Australia,race,Race Not Classified,,,-20,1,283
Aston Martin,$11.1M,Australia,race,Race Positions Gained,7,,7,1,283
Aston Martin,$11.1M,Australia,race,Fastest Pitstop,,,2,1,283
Aston Martin,$11.1M,Australia,race,Race Overtake Bonus,1,,1,1,283
Aston Martin,$11.1M,China,race,Both Drivers Q2,,,3,4,283
Aston Martin,$11.1M,China,sprint,Sprint Positions Gained,2,,2,4,283
Aston Martin,$11.1M,China,sprint,Sprint Overtake Bonus,5,,5,4,283
Aston Martin,$11.1M,China,race,Race Position,,,2,4,283
Aston Martin,$11.1M,China,qualifying,Qualifying Position,,,0,4,283
Aston Martin,$11.1M,China,sprint,Sprint Position,,,0,4,283
Aston Martin,$11.1M,China,race,Race Not Classified,,,-20,4,283
Aston Martin,$11.1M,China,race,Race Positions Gained,5,,5,4,283
Aston Martin,$11.1M,China,race,Race Overtake Bonus,7,,7,4,283
Aston Martin,$11.1M,Japan,race,Race Position,,,0,9,283
Aston Martin,$11.1M,Japan,qualifying,Qualifying Position,,,0,9,283
Aston Martin,$11.1M,Japan,race,One Driver Q2,,,1,9,283
Aston Martin,$11.1M,Japan,race,Race Positions Gained,1,,1,9,283
Aston Martin,$11.1M,Japan,race,Fastest Pitstop,,,2,9,283
Aston Martin,$11.1M,Japan,race,Race Overtake Bonus,5,,5,9,283
Aston Martin,$11.1M,Bahrain,race,Race Position,,,0,18,283
Aston Martin,$11.1M,Bahrain,qualifying,Qualifying Position,,,0,18,283
Aston Martin,$11.1M,Bahrain,race,One Driver Q2,,,1,18,283
Aston Martin,$11.1M,Bahrain,race,Fastest Pitstop,,,5,18,283
Aston Martin,$11.1M,Bahrain,race,Race Overtake Bonus,12,,12,18,283
Aston Martin,$11.1M,Saudi Arabia,race,Race Position,,,0,11,283
Aston Martin,$11.1M,Saudi Arabia,qualifying,Qualifying Position,,,0,11,283
Aston Martin,$11.1M,Saudi Arabia,race,One Driver Q2,,,1,11,283
Aston Martin,$11.1M,Saudi Arabia,race,Race Positions Gained,2,,2,11,283
Aston Martin,$11.1M,Saudi Arabia,race,Fastest Pitstop,,,2,11,283
Aston Martin,$11.1M,Saudi Arabia,race,Race Overtake Bonus,6,,6,11,283
Aston Martin,$11.1M,United States,sprint,Sprint Positions Gained,11,,11,13,283
Aston Martin,$11.1M,United States,sprint,Sprint Overtake Bonus,7,,7,13,283
Aston Martin,$11.1M,United States,race,Race Position,,,0,13,283
Aston Martin,$11.1M,United States,qualifying,Qualifying Position,,,0,13,283
Aston Martin,$11.1M,United States,sprint,Sprint Position,,,4,13,283
Aston Martin,$11.1M,United States,race,No Driver Q2,,,-1,13,283
Aston Martin,$11.1M,United States,race,Race Positions Gained,4,,4,13,283
Aston Martin,$11.1M,United States,race,Fastest Pitstop,,,2,13,283
Aston Martin,$11.1M,United States,race,Race Overtake Bonus,6,,6,13,283
Aston Martin,$11.1M,United States,sprint,Sprint Not Classified,,,-20,13,283
Aston Martin,$11.1M,Italy,race,Race Position,,,0,14,283
Aston Martin,$11.1M,Italy,qualifying,Qualifying Position,,,9,14,283
Aston Martin,$11.1M,Italy,race,Both Drivers Q3,,,10,14,283
Aston Martin,$11.1M,Italy,race,Race Positions Lost,13,,-13,14,283
Aston Martin,$11.1M,Italy,race,Fastest Pitstop,,,2,14,283
Aston Martin,$11.1M,Italy,race,Race Overtake Bonus,6,,6,14,283
Aston Martin,$11.1M,Monaco,race,Race Position,,,0,-4,283
Aston Martin,$11.1M,Monaco,qualifying,Qualifying Position,,,4,-4,283
Aston Martin,$11.1M,Monaco,race,Race Not Classified,,,-20,-4,283
Aston Martin,$11.1M,Monaco,race,One Driver Q3,,,5,-4,283
Aston Martin,$11.1M,Monaco,race,Race Positions Gained,4,,4,-4,283
Aston Martin,$11.1M,Monaco,race,Fastest Pitstop,,,2,-4,283
Aston Martin,$11.1M,Monaco,race,Race Overtake Bonus,1,,1,-4,283
Aston Martin,$11.1M,Spain,race,Race Position,,,2,1,283
Aston Martin,$11.1M,Spain,qualifying,Qualifying Position,,,1,1,283
Aston Martin,$11.1M,Spain,race,Race Not Classified,,,-20,1,283
Aston Martin,$11.1M,Spain,race,One Driver Q3,,,5,1,283
Aston Martin,$11.1M,Spain,race,Race Positions Gained,1,,1,1,283
Aston Martin,$11.1M,Spain,race,Fastest Pitstop,,,2,1,283
Aston Martin,$11.1M,Spain,race,Race Overtake Bonus,10,,10,1,283
Aston Martin,$11.1M,Canada,race,Race Position,,,6,31,283
Aston Martin,$11.1M,Canada,qualifying,Qualifying Position,,,5,31,283
Aston Martin,$11.1M,Canada,race,One Driver Q3,,,5,31,283
Aston Martin,$11.1M,Canada,race,Race Positions Lost,1,,-1,31,283
Aston Martin,$11.1M,Canada,race,Fastest Pitstop,,,2,31,283
Aston Martin,$11.1M,Canada,race,Race Overtake Bonus,14,,14,31,283
Aston Martin,$11.1M,Austria,race,Race Position,,,6,24,283
Aston Martin,$11.1M,Austria,qualifying,Qualifying Position,,,0,24,283
Aston Martin,$11.1M,Austria,race,One Driver Q2,,,1,24,283
Aston Martin,$11.1M,Austria,race,Race Positions Gained,6,,6,24,283
Aston Martin,$11.1M,Austria,race,Fastest Pitstop,,,2,24,283
Aston Martin,$11.1M,Austria,race,Race Overtake Bonus,9,,9,24,283
Aston Martin,$11.1M,United Kingdom,race,Race Position,,,8,33,283
Aston Martin,$11.1M,United Kingdom,qualifying,Qualifying Position,,,2,33,283
Aston Martin,$11.1M,United Kingdom,race,One Driver Q3,,,5,33,283
Aston Martin,$11.1M,United Kingdom,race,Race Positions Gained,8,,8,33,283
Aston Martin,$11.1M,United Kingdom,race,Fastest Pitstop,,,2,33,283
Aston Martin,$11.1M,United Kingdom,race,Race Overtake Bonus,8,,8,33,283
Aston Martin,$11.1M,Belgium,sprint,Sprint Positions Gained,2,,2,20,283
Aston Martin,$11.1M,Belgium,sprint,Sprint Overtake Bonus,1,,1,20,283
Aston Martin,$11.1M,Belgium,race,Race Position,,,0,20,283
Aston Martin,$11.1M,Belgium,qualifying,Qualifying Position,,,0,20,283
Aston Martin,$11.1M,Belgium,sprint,Sprint Position,,,0,20,283
Aston Martin,$11.1M,Belgium,race,No Driver Q2,,,-1,20,283
Aston Martin,$11.1M,Belgium,race,Race Positions Gained,5,,5,20,283
Aston Martin,$11.1M,Belgium,race,Fastest Pitstop,,,5,20,283
Aston Martin,$11.1M,Belgium,race,Race Overtake Bonus,8,,8,20,283
Aston Martin,$11.1M,Hungary,race,Race Position,,,16,45,283
Aston Martin,$11.1M,Hungary,qualifying,Qualifying Position,,,11,45,283
Aston Martin,$11.1M,Hungary,race,Both Drivers Q3,,,10,45,283
Aston Martin,$11.1M,Hungary,race,Race Positions Lost,1,,-1,45,283
Aston Martin,$11.1M,Hungary,race,Fastest Pitstop,,,5,45,283
Aston Martin,$11.1M,Hungary,race,Race Overtake Bonus,4,,4,45,283
Aston Martin,$11.1M,Netherlands,race,Race Position,,,10,41,283
Aston Martin,$11.1M,Netherlands,qualifying,Qualifying Position,,,1,41,283
Aston Martin,$11.1M,Netherlands,race,QF Not Classified,,,-5,41,283
Aston Martin,$11.1M,Netherlands,race,One Driver Q3,,,5,41,283
Aston Martin,$11.1M,Netherlands,race,Race Positions Gained,14,,14,41,283
Aston Martin,$11.1M,Netherlands,race,Fastest Pitstop,,,2,41,283
Aston Martin,$11.1M,Netherlands,race,Race Overtake Bonus,14,,14,41,283
Aston Martin,$11.1M,Italy,race,Race Position,,,0,-11,283
Aston Martin,$11.1M,Italy,qualifying,Qualifying Position,,,2,-11,283
Aston Martin,$11.1M,Italy,race,Race Not Classified,,,-20,-11,283
Aston Martin,$11.1M,Italy,race,One Driver Q3,,,5,-11,283
Aston Martin,$11.1M,Italy,race,Race Positions Lost,2,,-2,-11,283
Aston Martin,$11.1M,Italy,race,Race Overtake Bonus,4,,4,-11,283
Aston Martin,$11.1M,Azerbaijan,race,Both Drivers Q2,,,3,-2,283
Aston Martin,$11.1M,Azerbaijan,race,Race Position,,,0,-2,283
Aston Martin,$11.1M,Azerbaijan,qualifying,Qualifying Position,,,0,-2,283
Aston Martin,$11.1M,Azerbaijan,race,Race Positions Lost,7,,-7,-2,283
Aston Martin,$11.1M,Azerbaijan,race,Race Overtake Bonus,2,,2,-2,283
Aston Martin,$11.1M,Singapore,race,Race Position,,,6,37,283
Aston Martin,$11.1M,Singapore,qualifying,Qualifying Position,,,1,37,283
Aston Martin,$11.1M,Singapore,race,One Driver Q3,,,5,37,283
Aston Martin,$11.1M,Singapore,race,Race Positions Gained,5,,5,37,283
Aston Martin,$11.1M,Singapore,race,Fastest Pitstop,,,2,37,283
Aston Martin,$11.1M,Singapore,race,Race Overtake Bonus,18,,18,37,283
Aston Martin,$11.1M,United States,sprint,Sprint Overtake Bonus,3,,3,-12,283
Aston Martin,$11.1M,United States,race,Race Position,,,1,-12,283
Aston Martin,$11.1M,United States,qualifying,Qualifying Position,,,1,-12,283
Aston Martin,$11.1M,United States,sprint,Sprint Position,,,0,-12,283
Aston Martin,$11.1M,United States,race,One Driver Q3,,,5,-12,283
Aston Martin,$11.1M,United States,race,Race Positions Gained,7,,7,-12,283
Aston Martin,$11.1M,United States,race,Fastest Pitstop,,,2,-12,283
Aston Martin,$11.1M,United States,race,Race Overtake Bonus,9,,9,-12,283
Aston Martin,$11.1M,United States,sprint,Sprint Not Classified,,,-40,-12,283
Aston Martin,$11.1M,Mexico,race,Race Position,,,0,2,283
Aston Martin,$11.1M,Mexico,qualifying,Qualifying Position,,,0,2,283
Aston Martin,$11.1M,Mexico,race,Race Not Classified,,,-20,2,283
Aston Martin,$11.1M,Mexico,race,One Driver Q2,,,1,2,283
Aston Martin,$11.1M,Mexico,race,Race Positions Gained,5,,5,2,283
Aston Martin,$11.1M,Mexico,race,Fastest Pitstop,,,2,2,283
Aston Martin,$11.1M,Mexico,race,Race Overtake Bonus,14,,14,2,283
Aston Martin,$11.1M,Brazil,race,Both Drivers Q2,,,3,8,283
Aston Martin,$11.1M,Brazil,sprint,Sprint Positions Lost,3,,-3,8,283
Aston Martin,$11.1M,Brazil,sprint,Sprint Overtake Bonus,1,,1,8,283
Aston Martin,$11.1M,Brazil,race,Race Position,,,0,8,283
Aston Martin,$11.1M,Brazil,qualifying,Qualifying Position,,,0,8,283
Aston Martin,$11.1M,Brazil,sprint,Sprint Position,,,3,8,283
Aston Martin,$11.1M,Brazil,race,Race Positions Lost,5,,-5,8,283
Aston Martin,$11.1M,Brazil,race,Fastest Pitstop,,,5,8,283
Aston Martin,$11.1M,Brazil,race,Race Overtake Bonus,4,,4,8,283
Kick Sauber,$9.9M,Australia,race,Race Position,,,6,3,266
Kick Sauber,$9.9M,Australia,qualifying,Qualifying Position,,,0,3,266
Kick Sauber,$9.9M,Australia,race,Race Not Classified,,,-20,3,266
Kick Sauber,$9.9M,Australia,race,One Driver Q2,,,1,3,266
Kick Sauber,$9.9M,Australia,race,Race Positions Gained,10,,10,3,266
Kick Sauber,$9.9M,Australia,race,Race Overtake Bonus,6,,6,3,266
Kick Sauber,$9.9M,China,sprint,Sprint Positions Lost,3,,-3,12,266
Kick Sauber,$9.9M,China,sprint,Sprint Overtake Bonus,3,,3,12,266
Kick Sauber,$9.9M,China,race,Race Position,,,0,12,266
Kick Sauber,$9.9M,China,qualifying,Qualifying Position,,,0,12,266
Kick Sauber,$9.9M,China,sprint,Sprint Position,,,0,12,266
Kick Sauber,$9.9M,China,race,One Driver Q2,,,1,12,266
Kick Sauber,$9.9M,China,race,Race Positions Gained,2,,2,12,266
Kick Sauber,$9.9M,China,race,Fastest Pitstop,,,2,12,266
Kick Sauber,$9.9M,China,race,Race Overtake Bonus,7,,7,12,266
Kick Sauber,$9.9M,Japan,race,Race Position,,,0,0,266
Kick Sauber,$9.9M,Japan,qualifying,Qualifying Position,,,0,0,266
Kick Sauber,$9.9M,Japan,race,No Driver Q2,,,-1,0,266
Kick Sauber,$9.9M,Japan,race,Race Positions Lost,2,,-2,0,266
Kick Sauber,$9.9M,Japan,race,Fastest Pitstop,,,2,0,266
Kick Sauber,$9.9M,Japan,race,Race Overtake Bonus,1,,1,0,266
Kick Sauber,$9.9M,Bahrain,race,Race Position,,,0,-22,266
Kick Sauber,$9.9M,Bahrain,qualifying,Qualifying Position,,,0,-22,266
Kick Sauber,$9.9M,Bahrain,race,DQ Race,,,-30,-22,266
Kick Sauber,$9.9M,Bahrain,race,No Driver Q2,,,-1,-22,266
Kick Sauber,$9.9M,Bahrain,race,Fastest Pitstop,,,5,-22,266
Kick Sauber,$9.9M,Bahrain,race,Race Overtake Bonus,4,,4,-22,266
Kick Sauber,$9.9M,Saudi Arabia,race,Race Position,,,0,10,266
Kick Sauber,$9.9M,Saudi Arabia,qualifying,Qualifying Position,,,0,10,266
Kick Sauber,$9.9M,Saudi Arabia,race,No Driver Q2,,,-1,10,266
Kick Sauber,$9.9M,Saudi Arabia,race,Race Positions Gained,5,,5,10,266
Kick Sauber,$9.9M,Saudi Arabia,race,Fastest Pitstop,,,5,10,266
Kick Sauber,$9.9M,Saudi Arabia,race,Race Overtake Bonus,1,,1,10,266
Kick Sauber,$9.9M,United States,sprint,Sprint Positions Gained,5,,5,9,266
Kick Sauber,$9.9M,United States,sprint,Sprint Overtake Bonus,4,,4,9,266
Kick Sauber,$9.9M,United States,race,Race Position,,,0,9,266
Kick Sauber,$9.9M,United States,qualifying,Qualifying Position,,,0,9,266
Kick Sauber,$9.9M,United States,sprint,Sprint Position,,,0,9,266
Kick Sauber,$9.9M,United States,race,Race Not Classified,,,-20,9,266
Kick Sauber,$9.9M,United States,race,One Driver Q2,,,1,9,266
Kick Sauber,$9.9M,United States,race,Race Positions Gained,2,,2,9,266
Kick Sauber,$9.9M,United States,race,Fastest Pitstop,,,5,9,266
Kick Sauber,$9.9M,United States,race,Overall Fastest Pitstop,,,5,9,266
Kick Sauber,$9.9M,United States,race,Race Overtake Bonus,7,,7,9,266
Kick Sauber,$9.9M,Italy,race,Race Position,,,0,13,266
Kick Sauber,$9.9M,Italy,qualifying,Qualifying Position,,,0,13,266
Kick Sauber,$9.9M,Italy,race,One Driver Q2,,,1,13,266
Kick Sauber,$9.9M,Italy,race,Race Positions Gained,1,,1,13,266
Kick Sauber,$9.9M,Italy,race,Fastest Pitstop,,,5,13,266
Kick Sauber,$9.9M,Italy,race,Race Overtake Bonus,6,,6,13,266
Kick Sauber,$9.9M,Monaco,race,Race Position,,,0,7,266
Kick Sauber,$9.9M,Monaco,qualifying,Qualifying Position,,,0,7,266
Kick Sauber,$9.9M,Monaco,race,One Driver Q2,,,1,7,266
Kick Sauber,$9.9M,Monaco,race,Race Positions Lost,1,,-1,7,266
Kick Sauber,$9.9M,Monaco,race,Fastest Pitstop,,,5,7,266
Kick Sauber,$9.9M,Monaco,race,Race Overtake Bonus,2,,2,7,266
Kick Sauber,$9.9M,Spain,race,Race Position,,,10,52,266
Kick Sauber,$9.9M,Spain,qualifying,Qualifying Position,,,0,52,266
Kick Sauber,$9.9M,Spain,race,One Driver Q2,,,1,52,266
Kick Sauber,$9.9M,Spain,race,Race Positions Gained,10,,10,52,266
Kick Sauber,$9.9M,Spain,race,Fastest Pitstop,,,10,52,266
Kick Sauber,$9.9M,Spain,race,Overall Fastest Pitstop,,,5,52,266
Kick Sauber,$9.9M,Spain,race,Race Overtake Bonus,16,,16,52,266
Kick Sauber,$9.9M,Canada,race,Race Position,,,4,26,266
Kick Sauber,$9.9M,Canada,qualifying,Qualifying Position,,,0,26,266
Kick Sauber,$9.9M,Canada,race,One Driver Q2,,,1,26,266
Kick Sauber,$9.9M,Canada,race,Race Positions Gained,4,,4,26,266
Kick Sauber,$9.9M,Canada,race,Fastest Pitstop,,,5,26,266
Kick Sauber,$9.9M,Canada,race,Race Overtake Bonus,12,,12,26,266
Kick Sauber,$9.9M,Austria,race,Race Position,,,6,45,266
Kick Sauber,$9.9M,Austria,qualifying,Qualifying Position,,,3,45,266
Kick Sauber,$9.9M,Austria,race,One Driver Q3,,,5,45,266
Kick Sauber,$9.9M,Austria,race,Race Positions Gained,11,,11,45,266
Kick Sauber,$9.9M,Austria,race,Fastest Pitstop,,,5,45,266
Kick Sauber,$9.9M,Austria,race,Race Overtake Bonus,15,,15,45,266
Kick Sauber,$9.9M,United Kingdom,race,Race Position,,,15,14,266
Kick Sauber,$9.9M,United Kingdom,qualifying,Qualifying Position,,,0,14,266
Kick Sauber,$9.9M,United Kingdom,race,Race Not Classified,,,-20,14,266
Kick Sauber,$9.9M,United Kingdom,race,No Driver Q2,,,-1,14,266
Kick Sauber,$9.9M,United Kingdom,race,Race Positions Gained,16,,16,14,266
Kick Sauber,$9.9M,United Kingdom,race,Race Overtake Bonus,4,,4,14,266
Kick Sauber,$9.9M,Belgium,race,Race Position,,,2,24,266
Kick Sauber,$9.9M,Belgium,qualifying,Qualifying Position,,,1,24,266
Kick Sauber,$9.9M,Belgium,sprint,Sprint Position,,,0,24,266
Kick Sauber,$9.9M,Belgium,race,One Driver Q3,,,5,24,266
Kick Sauber,$9.9M,Belgium,race,Race Positions Gained,3,,3,24,266
Kick Sauber,$9.9M,Belgium,race,Fastest Pitstop,,,5,24,266
Kick Sauber,$9.9M,Belgium,race,Race Overtake Bonus,8,,8,24,266
Kick Sauber,$9.9M,Hungary,race,Race Position,,,8,35,266
Kick Sauber,$9.9M,Hungary,qualifying,Qualifying Position,,,4,35,266
Kick Sauber,$9.9M,Hungary,race,One Driver Q3,,,5,35,266
Kick Sauber,$9.9M,Hungary,race,Race Positions Gained,6,,6,35,266
Kick Sauber,$9.9M,Hungary,race,Fastest Pitstop,,,2,35,266
Kick Sauber,$9.9M,Hungary,race,Race Overtake Bonus,10,,10,35,266
Kick Sauber,$9.9M,Netherlands,race,Race Position,,,0,14,266
Kick Sauber,$9.9M,Netherlands,qualifying,Qualifying Position,,,0,14,266
Kick Sauber,$9.9M,Netherlands,race,One Driver Q2,,,1,14,266
Kick Sauber,$9.9M,Netherlands,race,Race Positions Gained,1,,1,14,266
Kick Sauber,$9.9M,Netherlands,race,Fastest Pitstop,,,5,14,266
Kick Sauber,$9.9M,Netherlands,race,Race Overtake Bonus,7,,7,14,266
Kick Sauber,$9.9M,Italy,race,Race Position,,,4,-2,266
Kick Sauber,$9.9M,Italy,qualifying,Qualifying Position,,,3,-2,266
Kick Sauber,$9.9M,Italy,race,Race Not Classified,,,-20,-2,266
Kick Sauber,$9.9M,Italy,race,One Driver Q3,,,5,-2,266
Kick Sauber,$9.9M,Italy,race,Race Positions Lost,1,,-1,-2,266
Kick Sauber,$9.9M,Italy,race,Race Overtake Bonus,7,,7,-2,266
Kick Sauber,$9.9M,Azerbaijan,race,Race Position,,,0,17,266
Kick Sauber,$9.9M,Azerbaijan,qualifying,Qualifying Position,,,0,17,266
Kick Sauber,$9.9M,Azerbaijan,race,One Driver Q2,,,1,17,266
Kick Sauber,$9.9M,Azerbaijan,race,Race Positions Gained,3,,3,17,266
Kick Sauber,$9.9M,Azerbaijan,race,Fastest Pitstop,,,5,17,266
Kick Sauber,$9.9M,Azerbaijan,race,Race Overtake Bonus,8,,8,17,266
Kick Sauber,$9.9M,Singapore,race,Both Drivers Q2,,,3,-4,266
Kick Sauber,$9.9M,Singapore,race,Race Position,,,0,-4,266
Kick Sauber,$9.9M,Singapore,qualifying,Qualifying Position,,,0,-4,266
Kick Sauber,$9.9M,Singapore,race,Race Positions Lost,12,,-12,-4,266
Kick Sauber,$9.9M,Singapore,race,Fastest Pitstop,,,2,-4,266
Kick Sauber,$9.9M,Singapore,race,Race Overtake Bonus,3,,3,-4,266
Kick Sauber,$9.9M,United States,sprint,Sprint Overtake Bonus,5,,5,25,266
Kick Sauber,$9.9M,United States,race,Race Position,,,4,25,266
Kick Sauber,$9.9M,United States,qualifying,Qualifying Position,,,0,25,266
Kick Sauber,$9.9M,United States,sprint,Sprint Position,,,0,25,266
Kick Sauber,$9.9M,United States,race,One Driver Q2,,,1,25,266
Kick Sauber,$9.9M,United States,race,Race Positions Gained,1,,1,25,266
Kick Sauber,$9.9M,United States,race,Fastest Pitstop,,,5,25,266
Kick Sauber,$9.9M,United States,race,Race Overtake Bonus,9,,9,25,266
Kick Sauber,$9.9M,Mexico,race,Race Position,,,1,2,266
Kick Sauber,$9.9M,Mexico,qualifying,Qualifying Position,,,0,2,266
Kick Sauber,$9.9M,Mexico,race,Race Not Classified,,,-20,2,266
Kick Sauber,$9.9M,Mexico,race,One Driver Q2,,,1,2,266
Kick Sauber,$9.9M,Mexico,race,Race Positions Gained,6,,6,2,266
Kick Sauber,$9.9M,Mexico,race,Fastest Pitstop,,,5,2,266
Kick Sauber,$9.9M,Mexico,race,Race Overtake Bonus,9,,9,2,266
Kick Sauber,$9.9M,Brazil,sprint,Sprint Positions Lost,9,,-9,-14,266
Kick Sauber,$9.9M,Brazil,sprint,Sprint Overtake Bonus,4,,4,-14,266
Kick Sauber,$9.9M,Brazil,race,Race Position,,,2,-14,266
Kick Sauber,$9.9M,Brazil,qualifying,Qualifying Position,,,1,-14,266
Kick Sauber,$9.9M,Brazil,sprint,Sprint Position,,,0,-14,266
Kick Sauber,$9.9M,Brazil,race,Race Not Classified,,,-20,-14,266
Kick Sauber,$9.9M,Brazil,race,QF Not Classified,,,-5,-14,266
Kick Sauber,$9.9M,Brazil,race,One Driver Q3,,,5,-14,266
Kick Sauber,$9.9M,Brazil,race,Race Positions Gained,1,,1,-14,266
Kick Sauber,$9.9M,Brazil,race,Race Overtake Bonus,7,,7,-14,266
Alpine,$9.7M,Australia,race,Race Position,,,0,-14,146
Alpine,$9.7M,Australia,qualifying,Qualifying Position,,,2,-14,146
Alpine,$9.7M,Australia,race,Race Not Classified,,,-20,-14,146
Alpine,$9.7M,Australia,race,One Driver Q3,,,5,-14,146
Alpine,$9.7M,Australia,race,Race Positions Lost,2,,-2,-14,146
Alpine,$9.7M,Australia,race,Race Overtake Bonus,1,,1,-14,146
Alpine,$9.7M,China,sprint,Sprint Positions Gained,1,,1,-6,146
Alpine,$9.7M,China,sprint,Sprint Overtake Bonus,9,,9,-6,146
Alpine,$9.7M,China,race,Race Position,,,0,-6,146
Alpine,$9.7M,China,qualifying,Qualifying Position,,,0,-6,146
Alpine,$9.7M,China,sprint,Sprint Position,,,0,-6,146
Alpine,$9.7M,China,race,DQ Race,,,-30,-6,146
Alpine,$9.7M,China,race,No Driver Q2,,,-1,-6,146
Alpine,$9.7M,China,race,Race Positions Gained,5,,5,-6,146
Alpine,$9.7M,China,race,Fastest Pitstop,,,2,-6,146
Alpine,$9.7M,China,race,Race Overtake Bonus,8,,8,-6,146
Alpine,$9.7M,Japan,race,Race Position,,,0,9,146
Alpine,$9.7M,Japan,qualifying,Qualifying Position,,,0,9,146
Alpine,$9.7M,Japan,race,One Driver Q2,,,1,9,146
Alpine,$9.7M,Japan,race,Race Positions Gained,2,,2,9,146
Alpine,$9.7M,Japan,race,Fastest Pitstop,,,2,9,146
Alpine,$9.7M,Japan,race,Race Overtake Bonus,4,,4,9,146
Alpine,$9.7M,Bahrain,race,Race Position,,,6,22,146
Alpine,$9.7M,Bahrain,qualifying,Qualifying Position,,,6,22,146
Alpine,$9.7M,Bahrain,race,One Driver Q3,,,5,22,146
Alpine,$9.7M,Bahrain,race,Race Positions Lost,6,,-6,22,146
Alpine,$9.7M,Bahrain,race,Fastest Pitstop,,,2,22,146
Alpine,$9.7M,Bahrain,race,Race Overtake Bonus,9,,9,22,146
Alpine,$9.7M,Saudi Arabia,race,Race Position,,,0,-6,146
Alpine,$9.7M,Saudi Arabia,qualifying,Qualifying Position,,,2,-6,146
Alpine,$9.7M,Saudi Arabia,race,Race Not Classified,,,-20,-6,146
Alpine,$9.7M,Saudi Arabia,race,One Driver Q3,,,5,-6,146
Alpine,$9.7M,Saudi Arabia,race,Fastest Pitstop,,,5,-6,146
Alpine,$9.7M,Saudi Arabia,race,Race Overtake Bonus,2,,2,-6,146
Alpine,$9.7M,United States,sprint,Sprint Positions Gained,6,,6,10,146
Alpine,$9.7M,United States,sprint,Sprint Overtake Bonus,5,,5,10,146
Alpine,$9.7M,United States,race,Race Position,,,0,10,146
Alpine,$9.7M,United States,qualifying,Qualifying Position,,,0,10,146
Alpine,$9.7M,United States,sprint,Sprint Position,,,1,10,146
Alpine,$9.7M,United States,race,Race Not Classified,,,-20,10,146
Alpine,$9.7M,United States,race,One Driver Q2,,,1,10,146
Alpine,$9.7M,United States,race,Race Positions Gained,7,,7,10,146
Alpine,$9.7M,United States,race,Fastest Pitstop,,,5,10,146
Alpine,$9.7M,United States,race,Race Overtake Bonus,5,,5,10,146
Alpine,$9.7M,Italy,race,Race Position,,,0,10,146
Alpine,$9.7M,Italy,qualifying,Qualifying Position,,,1,10,146
Alpine,$9.7M,Italy,race,One Driver Q3,,,5,10,146
Alpine,$9.7M,Italy,race,Race Positions Lost,3,,-3,10,146
Alpine,$9.7M,Italy,race,Fastest Pitstop,,,2,10,146
Alpine,$9.7M,Italy,race,Race Overtake Bonus,5,,5,10,146
Alpine,$9.7M,Monaco,race,Race Position,,,0,-11,146
Alpine,$9.7M,Monaco,qualifying,Qualifying Position,,,0,-11,146
Alpine,$9.7M,Monaco,race,Race Not Classified,,,-20,-11,146
Alpine,$9.7M,Monaco,race,No Driver Q2,,,-1,-11,146
Alpine,$9.7M,Monaco,race,Race Positions Gained,5,,5,-11,146
Alpine,$9.7M,Monaco,race,Fastest Pitstop,,,5,-11,146
Alpine,$9.7M,Spain,race,Race Position,,,4,31,146
Alpine,$9.7M,Spain,qualifying,Qualifying Position,,,3,31,146
Alpine,$9.7M,Spain,race,One Driver Q3,,,5,31,146
Alpine,$9.7M,Spain,race,Race Positions Gained,3,,3,31,146
Alpine,$9.7M,Spain,race,Fastest Pitstop,,,10,31,146
Alpine,$9.7M,Spain,race,Race Overtake Bonus,6,,6,31,146
Alpine,$9.7M,Canada,race,Race Position,,,0,11,146
Alpine,$9.7M,Canada,qualifying,Qualifying Position,,,0,11,146
Alpine,$9.7M,Canada,race,One Driver Q2,,,1,11,146
Alpine,$9.7M,Canada,race,Race Positions Gained,2,,2,11,146
Alpine,$9.7M,Canada,race,Fastest Pitstop,,,2,11,146
Alpine,$9.7M,Canada,race,Race Overtake Bonus,6,,6,11,146
Alpine,$9.7M,Austria,race,Race Position,,,0,17,146
Alpine,$9.7M,Austria,qualifying,Qualifying Position,,,1,17,146
Alpine,$9.7M,Austria,race,One Driver Q3,,,5,17,146
Alpine,$9.7M,Austria,race,Race Positions Lost,4,,-4,17,146
Alpine,$9.7M,Austria,race,Fastest Pitstop,,,5,17,146
Alpine,$9.7M,Austria,race,Race Overtake Bonus,10,,10,17,146
Alpine,$9.7M,United Kingdom,race,Race Position,,,8,5,146
Alpine,$9.7M,United Kingdom,qualifying,Qualifying Position,,,1,5,146
Alpine,$9.7M,United Kingdom,race,Race Not Classified,,,-20,5,146
Alpine,$9.7M,United Kingdom,race,One Driver Q3,,,5,5,146
Alpine,$9.7M,United Kingdom,race,Race Positions Gained,2,,2,5,146
Alpine,$9.7M,United Kingdom,race,Fastest Pitstop,,,5,5,146
Alpine,$9.7M,United Kingdom,race,Race Overtake Bonus,4,,4,5,146
Alpine,$9.7M,Belgium,sprint,Sprint Positions Gained,1,,1,-13,146
Alpine,$9.7M,Belgium,race,Race Position,,,1,-13,146
Alpine,$9.7M,Belgium,qualifying,Qualifying Position,,,0,-13,146
Alpine,$9.7M,Belgium,sprint,Sprint Position,,,0,-13,146
Alpine,$9.7M,Belgium,race,One Driver Q2,,,1,-13,146
Alpine,$9.7M,Belgium,race,Race Positions Lost,1,,-1,-13,146
Alpine,$9.7M,Belgium,race,Fastest Pitstop,,,2,-13,146
Alpine,$9.7M,Belgium,race,Race Overtake Bonus,3,,3,-13,146
Alpine,$9.7M,Belgium,sprint,Sprint Not Classified,,,-20,-13,146
Alpine,$9.7M,Hungary,race,Race Position,,,0,2,146
Alpine,$9.7M,Hungary,qualifying,Qualifying Position,,,0,2,146
Alpine,$9.7M,Hungary,race,One Driver Q2,,,1,2,146
Alpine,$9.7M,Hungary,race,Race Positions Lost,7,,-7,2,146
Alpine,$9.7M,Hungary,race,Fastest Pitstop,,,5,2,146
Alpine,$9.7M,Hungary,race,Race Overtake Bonus,3,,3,2,146
Alpine,$9.7M,Netherlands,race,Race Position,,,0,14,146
Alpine,$9.7M,Netherlands,qualifying,Qualifying Position,,,0,14,146
Alpine,$9.7M,Netherlands,race,One Driver Q2,,,1,14,146
Alpine,$9.7M,Netherlands,race,Race Positions Gained,2,,2,14,146
Alpine,$9.7M,Netherlands,race,Fastest Pitstop,,,2,14,146
Alpine,$9.7M,Netherlands,race,Race Overtake Bonus,9,,9,14,146
Alpine,$9.7M,Italy,race,Race Position,,,0,6,146
Alpine,$9.7M,Italy,qualifying,Qualifying Position,,,0,6,146
Alpine,$9.7M,Italy,race,No Driver Q2,,,-1,6,146
Alpine,$9.7M,Italy,race,Race Positions Gained,4,,4,6,146
Alpine,$9.7M,Italy,race,Fastest Pitstop,,,2,6,146
Alpine,$9.7M,Italy,race,Race Overtake Bonus,1,,1,6,146
Alpine,$9.7M,Azerbaijan,race,Race Position,,,0,7,146
Alpine,$9.7M,Azerbaijan,qualifying,Qualifying Position,,,0,7,146
Alpine,$9.7M,Azerbaijan,race,No Driver Q2,,,-1,7,146
Alpine,$9.7M,Azerbaijan,race,Race Positions Lost,3,,-3,7,146
Alpine,$9.7M,Azerbaijan,race,Fastest Pitstop,,,2,7,146
Alpine,$9.7M,Azerbaijan,race,Race Overtake Bonus,9,,9,7,146
Alpine,$9.7M,Singapore,race,Race Position,,,0,6,146
Alpine,$9.7M,Singapore,qualifying,Qualifying Position,,,0,6,146
Alpine,$9.7M,Singapore,race,No Driver Q2,,,-1,6,146
Alpine,$9.7M,Singapore,race,Fastest Pitstop,,,2,6,146
Alpine,$9.7M,Singapore,race,Race Overtake Bonus,5,,5,6,146
Alpine,$9.7M,United States,race,Both Drivers Q2,,,3,18,146
Alpine,$9.7M,United States,sprint,Sprint Positions Gained,6,,6,18,146
Alpine,$9.7M,United States,sprint,Sprint Overtake Bonus,5,,5,18,146
Alpine,$9.7M,United States,race,Race Position,,,0,18,146
Alpine,$9.7M,United States,qualifying,Qualifying Position,,,0,18,146
Alpine,$9.7M,United States,sprint,Sprint Position,,,0,18,146
Alpine,$9.7M,United States,race,Race Positions Lost,7,,-7,18,146
Alpine,$9.7M,United States,race,Fastest Pitstop,,,5,18,146
Alpine,$9.7M,United States,race,Race Overtake Bonus,6,,6,18,146
Alpine,$9.7M,Mexico,race,Race Position,,,0,14,146
Alpine,$9.7M,Mexico,qualifying,Qualifying Position,,,0,14,146
Alpine,$9.7M,Mexico,race,No Driver Q2,,,-1,14,146
Alpine,$9.7M,Mexico,race,Race Positions Gained,7,,7,14,146
Alpine,$9.7M,Mexico,race,Fastest Pitstop,,,2,14,146
Alpine,$9.7M,Mexico,race,Race Overtake Bonus,6,,6,14,146
Alpine,$9.7M,Brazil,sprint,Sprint Positions Gained,5,,5,14,146
Alpine,$9.7M,Brazil,sprint,Sprint Overtake Bonus,6,,6,14,146
Alpine,$9.7M,Brazil,race,Race Position,,,1,14,146
Alpine,$9.7M,Brazil,qualifying,Qualifying Position,,,2,14,146
Alpine,$9.7M,Brazil,sprint,Sprint Position,,,1,14,146
Alpine,$9.7M,Brazil,race,One Driver Q3,,,5,14,146
Alpine,$9.7M,Brazil,race,Fastest Pitstop,,,2,14,146
Alpine,$9.7M,Brazil,race,Race Overtake Bonus,12,,12,14,146
Alpine,$9.7M,Brazil,sprint,Sprint Not Classified,,,-20,14,146
